Player,Season,Team,Position,ID,Age,Date of Birth,Birth City,Birth State/Province,Birth Country,Nationality,Height (in),Weight (lbs),Draft Year,Draft Team,Draft Round,Round Pick
A.J. Greer,24-25,FLA,L,A.J. Greer24-25FLA,27.0,1996-12-14,Joliette,QC,CAN,CAN,75.0,208.0,2015.0,COL,2.0,9.0
Aaron Ekblad,24-25,FLA,D,Aaron Ekblad24-25FLA,28.0,1996-02-07,Windsor,ON,CAN,CAN,76.0,215.0,2014.0,FLA,1.0,1.0
Aatu Raty,24-25,VAN,C,Aatu Raty24-25VAN,22.0,2002-11-14,Oulu,,FIN,FIN,74.0,190.0,2021.0,NYI,2.0,20.0
Adam Boqvist,24-25,FLA,D,Adam Boqvist24-25FLA,24.0,2000-08-15,Falun,,SWE,SWE,72.0,182.0,2018.0,CHI,1.0,8.0
Adam Edstrom,24-25,NYR,C,Adam Edstrom24-25NYR,24.0,2000-10-12,,,SWE,SWE,79.0,220.0,2019.0,NYR,6.0,6.0
Adam Fantilli,24-25,CBJ,C,Adam Fantilli24-25CBJ,20.0,2004-10-12,,,CAN,,74.0,194.0,2023.0,CBJ,1.0,3.0
Adam Fox,24-25,NYR,D,Adam Fox24-25NYR,26.0,1998-02-17,Jericho,NY,USA,USA,71.0,182.0,2016.0,CGY,3.0,5.0
Adam Gaudette,24-25,OTT,R,Adam Gaudette24-25OTT,28.0,1996-10-03,Braintree,MA,USA,USA,73.0,194.0,2015.0,VAN,5.0,28.0
Adam Henrique,24-25,EDM,C,Adam Henrique24-25EDM,34.0,1990-02-06,Brantford,ON,CAN,CAN,72.0,195.0,2008.0,N.J,3.0,21.0
Adam Klapka,24-25,CGY,R,Adam Klapka24-25CGY,24.0,2000-09-14,Praha,,CZE,CZE,80.0,235.0,,,,
Adam Larsson,24-25,SEA,D,Adam Larsson24-25SEA,32.0,1992-11-12,Skellefteå,,SWE,SWE,75.0,209.0,2011.0,N.J,1.0,4.0
Adam Lowry,24-25,WPG,C,Adam Lowry24-25WPG,31.0,1993-03-29,St. Louis,MO,USA,USA,78.0,208.0,2011.0,WPG,3.0,6.0
Adam Pelech,24-25,NYI,D,Adam Pelech24-25NYI,30.0,1994-08-16,Toronto,ON,CAN,CAN,75.0,210.0,2012.0,NYI,3.0,4.0
Adam Wilsby,24-25,NSH,D,Adam Wilsby24-25NSH,24.0,2000-08-07,Stockholm,,SWE,SWE,73.0,188.0,2020.0,NSH,4.0,8.0
Adrian Kempe,24-25,L.A,R,Adrian Kempe24-25L.A,28.0,1996-09-13,Kramfors,,SWE,SWE,74.0,200.0,2014.0,L.A,1.0,29.0
Akil Thomas,24-25,L.A,C,Akil Thomas24-25L.A,24.0,2000-01-02,Toronto,ON,CAN,CAN,72.0,171.0,2018.0,L.A,2.0,20.0
Albert Johansson,24-25,DET,D,Albert Johansson24-25DET,23.0,2001-01-04,Karlstad,,SWE,SWE,72.0,168.0,2019.0,DET,2.0,29.0
Alec Martinez,24-25,CHI,D,Alec Martinez24-25CHI,37.0,1987-07-26,Rochester Hills,MI,USA,USA,73.0,210.0,2007.0,L.A,4.0,4.0
Aleksander Barkov,24-25,FLA,C,Aleksander Barkov24-25FLA,29.0,1995-09-02,Tampere,,FIN,FIN,75.0,215.0,2013.0,FLA,1.0,2.0
Alex Barré-Boulet,24-25,MTL,C,Alex Barré-Boulet24-25MTL,27.0,1997-05-21,Montmagny,QC,CAN,CAN,70.0,180.0,,,,
Alex DeBrincat,24-25,DET,R,Alex DeBrincat24-25DET,26.0,1997-12-18,Farmington Hills,MI,USA,USA,68.0,178.0,2016.0,CHI,2.0,9.0
Alex Iafallo,24-25,WPG,L,Alex Iafallo24-25WPG,30.0,1993-12-21,Eden,NY,USA,USA,72.0,200.0,,,,
Alex Killorn,24-25,ANA,L,Alex Killorn24-25ANA,35.0,1989-09-14,Halifax,NS,CAN,CAN,73.0,194.0,2007.0,T.B,3.0,16.0
Alex Laferriere,24-25,L.A,R,Alex Laferriere24-25L.A,23.0,2001-10-28,Chatham,NJ,USA,USA,72.0,173.0,2020.0,L.A,3.0,21.0
Alex Newhook,24-25,MTL,C,Alex Newhook24-25MTL,23.0,2001-01-28,St. John's,NL,CAN,CAN,70.0,190.0,2019.0,COL,1.0,16.0
Alex Nylander,24-25,TOR,L,Alex Nylander24-25TOR,26.0,1998-03-02,Calgary,AB,CAN,CAN,73.0,192.0,2016.0,BUF,1.0,8.0
Alex Ovechkin,24-25,WSH,L,Alex Ovechkin24-25WSH,39.0,1985-09-17,Moscow,,RUS,RUS,75.0,238.0,2004.0,WSH,1.0,1.0
Alex Petrovic,24-25,DAL,D,Alex Petrovic24-25DAL,32.0,1992-03-03,Edmonton,AB,CAN,CAN,76.0,220.0,2010.0,FLA,2.0,6.0
Alex Pietrangelo,24-25,VGK,D,Alex Pietrangelo24-25VGK,34.0,1990-01-18,King City,ON,CAN,CAN,75.0,215.0,2008.0,STL,1.0,4.0
Alex Steeves,24-25,TOR,C,Alex Steeves24-25TOR,25.0,1999-12-10,Bedford,NH,USA,USA,72.0,196.0,,,,
Alex Tuch,24-25,BUF,R,Alex Tuch24-25BUF,28.0,1996-05-10,Syracuse,NY,USA,USA,76.0,219.0,2014.0,MIN,1.0,18.0
Alex Turcotte,24-25,L.A,C,Alex Turcotte24-25L.A,23.0,2001-02-26,Elk Grove,IL,USA,USA,71.0,185.0,2019.0,L.A,1.0,5.0
Alex Vlasic,24-25,CHI,D,Alex Vlasic24-25CHI,23.0,2001-06-05,Wilmette,IL,USA,USA,78.0,199.0,2019.0,CHI,2.0,12.0
Alexander Alexeyev,24-25,WSH,D,Alexander Alexeyev24-25WSH,25.0,1999-11-15,St. Petersburg,,RUS,RUS,76.0,213.0,2018.0,WSH,1.0,31.0
Alexander Holtz,24-25,VGK,R,Alexander Holtz24-25VGK,22.0,2002-01-23,Stockholm,,SWE,SWE,72.0,195.0,2020.0,N.J,1.0,7.0
Alexander Kerfoot,24-25,UTA,C,Alexander Kerfoot24-25UTA,30.0,1994-08-11,Vancouver,BC,CAN,CAN,71.0,186.0,2012.0,N.J,5.0,29.0
Alexander Romanov,24-25,NYI,D,Alexander Romanov24-25NYI,24.0,2000-01-06,Moscow,,RUS,RUS,73.0,215.0,2018.0,MTL,2.0,7.0
Alexander Wennberg,24-25,S.J,C,Alexander Wennberg24-25S.J,30.0,1994-09-22,Stockholm,,SWE,SWE,74.0,190.0,2013.0,CBJ,1.0,14.0
Alexandre Carrier,24-25,NSH,D,Alexandre Carrier24-25NSH,28.0,1996-10-08,Quebec City,QC,CAN,CAN,71.0,174.0,2015.0,NSH,4.0,24.0
Alexandre Texier,24-25,STL,C,Alexandre Texier24-25STL,25.0,1999-09-13,St. Martin D'heres,,FRA,FRA,73.0,186.0,2017.0,CBJ,2.0,14.0
Alexey Toropchenko,24-25,STL,R,Alexey Toropchenko24-25STL,25.0,1999-06-25,Moscow,,RUS,RUS,78.0,222.0,2017.0,STL,4.0,20.0
Alexis Lafreniere,24-25,NYR,L,Alexis Lafrenière24-25NYR,23.0,2001-10-11,St-Eustache,QC,CAN,CAN,73.0,195.0,2020.0,NYR,1.0,1.0
Aliaksei Protas,24-25,WSH,C,Aliaksei Protas24-25WSH,23.0,2001-01-06,VITEBSK,,BLR,BLR,78.0,225.0,2019.0,WSH,3.0,29.0
Anders Lee,24-25,NYI,L,Anders Lee24-25NYI,34.0,1990-07-03,Edina,MN,USA,USA,75.0,235.0,2009.0,NYI,6.0,1.0
Andre Burakovsky,24-25,SEA,L,Andre Burakovsky24-25SEA,29.0,1995-02-09,Klagenfurt,,AUT,SWE,75.0,209.0,2013.0,WSH,1.0,23.0
Andre Lee,24-25,L.A,L,Andre Lee24-25L.A,24.0,2000-07-26,Karlstad,,Swe,,77.0,206.0,2019.0,L.A,7.0,2.0
Andreas Athanasiou,24-25,CHI,C,Andreas Athanasiou24-25CHI,30.0,1994-08-06,London,ON,CAN,CAN,74.0,190.0,2012.0,DET,4.0,19.0
Andreas Englund,24-25,L.A,D,Andreas Englund24-25L.A,28.0,1996-01-21,Stockholm,,SWE,SWE,75.0,189.0,2014.0,OTT,2.0,10.0
Andrei Kuzmenko,24-25,CGY,L,Andrei Kuzmenko24-25CGY,28.0,1996-02-04,YAKUTSK,,RUS,RUS,71.0,194.0,,,,
Andrei Svechnikov,24-25,CAR,R,Andrei Svechnikov24-25CAR,24.0,2000-03-26,Barnual,,RUS,RUS,74.0,195.0,2018.0,CAR,1.0,2.0
Andrew Copp,24-25,DET,C,Andrew Copp24-25DET,30.0,1994-07-08,Ann Arbor,MI,USA,USA,73.0,199.0,2013.0,WPG,4.0,13.0
Andrew Mangiapane,24-25,WSH,L,Andrew Mangiapane24-25WSH,28.0,1996-04-04,Toronto,ON,CAN,CAN,70.0,184.0,2015.0,CGY,6.0,15.0
Andrew Peeke,24-25,BOS,D,Andrew Peeke24-25BOS,26.0,1998-03-17,Parkland,FL,USA,USA,75.0,210.0,2016.0,CBJ,2.0,4.0
Anthony Beauvillier,24-25,PIT,L,Anthony Beauvillier24-25PIT,27.0,1997-06-08,Sorel-Tracy,QC,CAN,CAN,71.0,180.0,2015.0,NYI,1.0,28.0
Anthony Cirelli,24-25,T.B,C,Anthony Cirelli24-25T.B,27.0,1997-07-15,Etobicoke,ON,CAN,CAN,72.0,189.0,2015.0,T.B,3.0,11.0
Anthony Duclair,24-25,NYI,L,Anthony Duclair24-25NYI,29.0,1995-08-26,Pointe-Claire,QC,CAN,CAN,71.0,197.0,2013.0,NYR,3.0,19.0
Anthony Mantha,24-25,CGY,R,Anthony Mantha24-25CGY,30.0,1994-09-16,Longueuil,QC,CAN,CAN,77.0,234.0,2013.0,DET,1.0,20.0
Anthony Richard,24-25,PHI,C,Anthony Richard24-25PHI,27.0,1996-12-20,Trois-Rivieres,QC,CAN,CAN,71.0,183.0,2015.0,NSH,4.0,9.0
Anton Lundell,24-25,FLA,C,Anton Lundell24-25FLA,23.0,2001-10-03,Espoo,,FIN,FIN,73.0,185.0,2020.0,FLA,1.0,12.0
Anze Kopitar,24-25,L.A,C,Anze Kopitar24-25L.A,37.0,1987-08-24,Jesenice,,SVN,SVN,75.0,225.0,2005.0,L.A,1.0,11.0
Arber Xhekaj,24-25,MTL,D,Arber Xhekaj24-25MTL,23.0,2001-01-30,Hamilton,ON,CAN,CAN,76.0,238.0,,,,
Arshdeep Bains,24-25,VAN,L,Arshdeep Bains24-25VAN,23.0,2001-01-09,Surrey,BC,CAN,CAN,72.0,184.0,,,,
Artem Zub,24-25,OTT,D,Artem Zub24-25OTT,29.0,1995-10-03,Khabarovsk,,RUS,RUS,74.0,200.0,,,,
Artemi Panarin,24-25,NYR,L,Artemi Panarin24-25NYR,33.0,1991-10-30,Korkino,,RUS,RUS,72.0,173.0,,,,
Artturi Lehkonen,24-25,COL,L,Artturi Lehkonen24-25COL,29.0,1995-07-04,Piikkio,,FIN,FIN,71.0,179.0,2013.0,MTL,2.0,25.0
Austin Watson,24-25,DET,L,Austin Watson24-25DET,32.0,1992-01-13,Ann Arbor,MI,USA,USA,76.0,204.0,2010.0,NSH,1.0,18.0
Auston Matthews,24-25,TOR,C,Auston Matthews24-25TOR,27.0,1997-09-17,San Ramon,CA,USA,USA,75.0,208.0,2016.0,TOR,1.0,1.0
Barclay Goodrow,24-25,S.J,C,Barclay Goodrow24-25S.J,31.0,1993-02-26,Toronto,ON,CAN,CAN,74.0,204.0,,,,
Barrett Hayton,24-25,UTA,C,Barrett Hayton24-25UTA,24.0,2000-06-09,Peterborough,ON,CAN,CAN,73.0,207.0,2018.0,ARI,1.0,5.0
Beck Malenstyn,24-25,BUF,L,Beck Malenstyn24-25BUF,26.0,1998-02-04,Delta,BC,CAN,CAN,75.0,200.0,2016.0,WSH,5.0,24.0
Ben Chiarot,24-25,DET,D,Ben Chiarot24-25DET,33.0,1991-05-09,Hamilton,ON,CAN,CAN,75.0,232.0,2009.0,ATL,4.0,29.0
Ben Hutton,24-25,VGK,D,Ben Hutton24-25VGK,31.0,1993-04-20,Brockville,ON,CAN,CAN,75.0,201.0,2012.0,VAN,5.0,26.0
Ben Jones,24-25,MIN,C,Ben Jones24-25MIN,25.0,1999-02-26,Waterloo,ON,CAN,CAN,72.0,187.0,2017.0,VGK,7.0,3.0
Ben Meyers,24-25,SEA,C,Ben Meyers24-25SEA,26.0,1998-11-15,DELANO,MN,USA,USA,71.0,194.0,,,,
Blake Coleman,24-25,CGY,C,Blake Coleman24-25CGY,33.0,1991-11-28,Plano,TX,USA,USA,71.0,199.0,2011.0,N.J,3.0,14.0
Blake Lizotte,24-25,PIT,C,Blake Lizotte24-25PIT,26.0,1997-12-13,Lindstrom,MN,USA,USA,69.0,170.0,,,,
Bo Horvat,24-25,NYI,C,Bo Horvat24-25NYI,29.0,1995-04-05,London,ON,CAN,CAN,72.0,215.0,2013.0,VAN,1.0,9.0
Bobby Brink,24-25,PHI,R,Bobby Brink24-25PHI,23.0,2001-07-08,Minnetonka,MN,USA,USA,68.0,166.0,2019.0,PHI,2.0,3.0
Bobby McMann,24-25,TOR,C,Bobby McMann24-25TOR,28.0,1996-06-15,"Wainwright, AB",AB,CAN,CAN,74.0,208.0,,,,
Bowen Byram,24-25,BUF,D,Bowen Byram24-25BUF,23.0,2001-06-13,Cranbrook,BC,CAN,CAN,73.0,190.0,2019.0,COL,1.0,4.0
Brad Lambert,24-25,WPG,C,Brad Lambert24-25WPG,20.0,2003-12-19,,,FIN,,73.0,173.0,2022.0,WPG,1.0,30.0
Brad Marchand,24-25,BOS,L,Brad Marchand24-25BOS,36.0,1988-05-11,Halifax,NS,CAN,CAN,69.0,176.0,2006.0,BOS,3.0,8.0
Braden Schneider,24-25,NYR,D,Braden Schneider24-25NYR,23.0,2001-09-20,Prince Albert,SK,CAN,CAN,75.0,208.0,2020.0,NYR,1.0,19.0
Brady Skjei,24-25,NSH,D,Brady Skjei24-25NSH,30.0,1994-03-26,Lakeville,MN,USA,USA,75.0,210.0,2012.0,NYR,1.0,28.0
Brady Tkachuk,24-25,OTT,L,Brady Tkachuk24-25OTT,25.0,1999-09-16,Scottsdale,AZ,USA,USA,76.0,221.0,2018.0,OTT,1.0,4.0
Brandon Carlo,24-25,BOS,D,Brandon Carlo24-25BOS,28.0,1996-11-26,Colorado Springs,CO,USA,USA,78.0,218.0,2015.0,BOS,2.0,7.0
Brandon Duhaime,24-25,WSH,R,Brandon Duhaime24-25WSH,27.0,1997-05-22,Coral Springs,FL,USA,USA,74.0,200.0,2016.0,MIN,4.0,15.0
Brandon Hagel,24-25,T.B,L,Brandon Hagel24-25T.B,26.0,1998-08-27,Saskatoon,SK,CAN,CAN,74.0,179.0,2016.0,BUF,6.0,8.0
Brandon Montour,24-25,SEA,D,Brandon Montour24-25SEA,30.0,1994-04-11,Brantford,ON,CAN,CAN,72.0,194.0,2014.0,ANA,2.0,25.0
Brandon Saad,24-25,STL,L,Brandon Saad24-25STL,32.0,1992-10-27,Pittsburgh,PA,USA,USA,73.0,215.0,2011.0,CHI,2.0,13.0
Brandon Tanev,24-25,SEA,L,Brandon Tanev24-25SEA,32.0,1991-12-31,Toronto,ON,CAN,CAN,72.0,189.0,,,,
Brandt Clarke,24-25,L.A,D,Brandt Clarke24-25L.A,21.0,2003-02-09,Nepean,ON,CAN,CAN,74.0,185.0,2021.0,L.A,1.0,8.0
Brayden McNabb,24-25,VGK,D,Brayden McNabb24-25VGK,33.0,1991-01-21,Davidson,SK,CAN,CAN,76.0,215.0,2009.0,BUF,3.0,5.0
Brayden Pachal,24-25,CGY,D,Brayden Pachal24-25CGY,25.0,1999-08-23,Estevan,SK,CAN,CAN,74.0,203.0,,,,
Brayden Point,24-25,T.B,C,Brayden Point24-25T.B,28.0,1996-03-13,Calgary,AB,CAN,CAN,71.0,180.0,2014.0,T.B,3.0,19.0
Brayden Schenn,24-25,STL,C,Brayden Schenn24-25STL,33.0,1991-08-22,Saskatoon,SK,CAN,CAN,73.0,199.0,2009.0,L.A,1.0,5.0
Brendan Brisson,24-25,VGK,C,Brendan Brisson24-25VGK,23.0,2001-10-22,,,USA,,72.0,191.0,2020.0,VGK,1.0,29.0
Brendan Gallagher,24-25,MTL,R,Brendan Gallagher24-25MTL,32.0,1992-05-06,Edmonton,AB,CAN,CAN,69.0,186.0,2010.0,MTL,5.0,27.0
Brendan Smith,24-25,DAL,D,Brendan Smith24-25DAL,35.0,1989-02-08,Mimico,ON,CAN,CAN,74.0,200.0,2007.0,DET,1.0,27.0
Brenden Dillon,24-25,N.J,D,Brenden Dillon24-25N.J,34.0,1990-11-13,New Westminster,BC,CAN,CAN,76.0,224.0,,,,
Brent Burns,24-25,CAR,D,Brent Burns24-25CAR,39.0,1985-03-09,Barrie,ON,CAN,CAN,77.0,230.0,2003.0,MIN,1.0,20.0
Brett Berard,24-25,NYR,L,Brett Berard24-25NYR,22.0,2002-09-09,,,USA,,69.0,174.0,2020.0,NYR,5.0,10.0
Brett Howden,24-25,VGK,C,Brett Howden24-25VGK,26.0,1998-03-29,Calgary,AB,CAN,CAN,74.0,203.0,2016.0,T.B,1.0,27.0
Brett Kulak,24-25,EDM,D,Brett Kulak24-25EDM,30.0,1994-01-06,Edmonton,AB,CAN,CAN,73.0,197.0,2012.0,CGY,4.0,14.0
Brett Leason,24-25,ANA,R,Brett Leason24-25ANA,25.0,1999-04-30,Calgary,AB,CAN,CAN,77.0,218.0,2019.0,WSH,2.0,25.0
Brett Pesce,24-25,N.J,D,Brett Pesce24-25N.J,30.0,1994-11-15,Tarrytown,NY,USA,USA,75.0,206.0,2013.0,CAR,3.0,5.0
Brian Dumoulin,24-25,ANA,D,Brian Dumoulin24-25ANA,33.0,1991-09-06,Biddeford,ME,USA,USA,76.0,207.0,2009.0,CAR,2.0,21.0
Brock Boeser,24-25,VAN,R,Brock Boeser24-25VAN,27.0,1997-02-25,Burnsville,MN,USA,USA,73.0,208.0,2015.0,VAN,1.0,23.0
Brock Faber,24-25,MIN,D,Brock Faber24-25MIN,22.0,2002-08-22,Maple Grove,MN,USA,USA,73.0,200.0,2020.0,L.A,2.0,14.0
Brock McGinn,24-25,ANA,L,Brock McGinn24-25ANA,30.0,1994-02-02,Fergus,ON,CAN,CAN,72.0,187.0,2012.0,CAR,2.0,17.0
Brock Nelson,24-25,NYI,C,Brock Nelson24-25NYI,33.0,1991-10-15,Warroad,MN,USA,USA,76.0,210.0,2010.0,NYI,1.0,30.0
Bryan Rust,24-25,PIT,R,Bryan Rust24-25PIT,32.0,1992-05-11,Pontiac,MI,USA,USA,71.0,192.0,2010.0,PIT,3.0,20.0
Cale Fleury,24-25,SEA,D,Cale Fleury24-25SEA,26.0,1998-11-19,Carlyle,SK,CAN,CAN,73.0,204.0,2017.0,MTL,3.0,25.0
Cale Makar,24-25,COL,D,Cale Makar24-25COL,26.0,1998-10-30,Calgary,AB,CAN,CAN,71.0,187.0,2017.0,COL,1.0,4.0
Caleb Jones,24-25,L.A,D,Caleb Jones24-25L.A,27.0,1997-06-06,Arlington,TX,USA,USA,73.0,194.0,2015.0,EDM,4.0,26.0
Callahan Burke,24-25,VGK,C,Callahan Burke24-25VGK,27.0,1997-03-19,Boxborough,MA,USA,USA,70.0,183.0,,,,
Calum Ritchie,24-25,COL,C,Calum Ritchie24-25COL,19.0,2005-01-21,,,CAN,,74.0,185.0,2023.0,COL,1.0,27.0
Calvin de Haan,24-25,COL,D,Calvin de Haan24-25COL,33.0,1991-05-09,Carp,ON,CAN,CAN,73.0,195.0,2009.0,NYI,1.0,12.0
Cam Atkinson,24-25,T.B,R,Cam Atkinson24-25T.B,35.0,1989-06-05,Riverside,CT,USA,USA,68.0,176.0,2008.0,CBJ,6.0,6.0
Cam Fowler,24-25,ANA,D,Cam Fowler24-25ANA,33.0,1991-12-05,Windsor,ON,CAN,USA,74.0,215.0,2010.0,ANA,1.0,12.0
Cam York,24-25,PHI,D,Cam York24-25PHI,23.0,2001-01-05,Anaheim,CA,USA,USA,71.0,175.0,2019.0,PHI,1.0,14.0
Carl Grundstrom,24-25,S.J,R,Carl Grundstrom24-25S.J,27.0,1997-12-01,Umea,,SWE,SWE,72.0,195.0,2016.0,TOR,2.0,27.0
Carson Soucy,24-25,VAN,D,Carson Soucy24-25VAN,30.0,1994-07-27,Viking,AB,CAN,CAN,77.0,208.0,2013.0,MIN,5.0,16.0
Carter Verhaeghe,24-25,FLA,C,Carter Verhaeghe24-25FLA,29.0,1995-08-14,Toronto,ON,CAN,CAN,74.0,180.0,2013.0,TOR,3.0,21.0
Casey Cizikas,24-25,NYI,C,Casey Cizikas24-25NYI,33.0,1991-02-27,Toronto,ON,CAN,CAN,71.0,190.0,2009.0,NYI,4.0,1.0
Casey Mittelstadt,24-25,COL,C,Casey Mittelstadt24-25COL,26.0,1998-11-22,Edina,MN,USA,USA,73.0,195.0,2017.0,BUF,1.0,8.0
Chad Ruhwedel,24-25,NYR,D,Chad Ruhwedel24-25NYR,34.0,1990-05-07,San Diego,CA,USA,USA,71.0,191.0,,,,
Chandler Stephenson,24-25,SEA,C,Chandler Stephenson24-25SEA,30.0,1994-04-22,Saskatoon,SK,CAN,CAN,72.0,209.0,2012.0,WSH,3.0,16.0
Charlie Coyle,24-25,BOS,C,Charlie Coyle24-25BOS,32.0,1992-03-02,E. Weymouth,MA,USA,USA,75.0,223.0,2010.0,S.J,1.0,28.0
Charlie McAvoy,24-25,BOS,D,Charlie McAvoy24-25BOS,26.0,1997-12-21,Long Beach,NY,USA,USA,73.0,209.0,2016.0,BOS,1.0,14.0
Chase Bradley,24-25,COL,L,Chase Bradley24-25COL,22.0,2002-01-09,,,USA,,71.0,180.0,2020.0,DET,7.0,17.0
Chris Kreider,24-25,NYR,L,Chris Kreider24-25NYR,33.0,1991-04-30,Boxford,MA,USA,USA,75.0,230.0,2009.0,NYR,1.0,19.0
Chris Tanev,24-25,TOR,D,Chris Tanev24-25TOR,34.0,1989-12-20,Toronto,ON,CAN,CAN,74.0,193.0,,,,
Chris Wagner,24-25,COL,R,Chris Wagner24-25COL,33.0,1991-05-27,Walpole,MA,USA,USA,72.0,192.0,2010.0,ANA,5.0,2.0
Christian Dvorak,24-25,MTL,C,Christian Dvorak24-25MTL,28.0,1996-02-02,Palos,IL,USA,USA,73.0,193.0,2014.0,ARI,2.0,28.0
Christian Fischer,24-25,DET,R,Christian Fischer24-25DET,27.0,1997-04-15,Chicago,IL,USA,USA,74.0,212.0,2015.0,ARI,2.0,2.0
Claude Giroux,24-25,OTT,R,Claude Giroux24-25OTT,36.0,1988-01-12,Hearst,ON,CAN,CAN,71.0,190.0,2006.0,PHI,1.0,22.0
Clayton Keller,24-25,UTA,R,Clayton Keller24-25UTA,26.0,1998-07-29,Chesterfield,MO,USA,USA,70.0,178.0,2016.0,ARI,1.0,7.0
Cody Ceci,24-25,S.J,D,Cody Ceci24-25S.J,30.0,1993-12-21,Ottawa,ON,CAN,CAN,74.0,210.0,2012.0,OTT,1.0,15.0
Cody Glass,24-25,PIT,C,Cody Glass24-25PIT,25.0,1999-04-01,Winnipeg,MB,CAN,CAN,75.0,206.0,2017.0,VGK,1.0,6.0
Cole Caufield,24-25,MTL,R,Cole Caufield24-25MTL,23.0,2001-01-02,Mosinee,WI,USA,USA,67.0,174.0,2019.0,MTL,1.0,15.0
Cole Koepke,24-25,BOS,L,Cole Koepke24-25BOS,26.0,1998-05-17,Two Harbors,MN,USA,USA,73.0,196.0,2018.0,T.B,6.0,28.0
Cole Perfetti,24-25,WPG,C,Cole Perfetti24-25WPG,22.0,2002-01-01,Whitby,ON,CAN,CAN,71.0,184.0,2020.0,WPG,1.0,10.0
Cole Reinhardt,24-25,OTT,L,Cole Reinhardt24-25OTT,24.0,2000-02-01,Calgary,AB,CAN,CAN,72.0,200.0,2020.0,OTT,6.0,26.0
Cole Schwindt,24-25,VGK,R,Cole Schwindt24-25VGK,23.0,2001-04-25,Kitchener,ON,CAN,CAN,74.0,182.0,2019.0,FLA,3.0,19.0
Cole Sillinger,24-25,CBJ,C,Cole Sillinger24-25CBJ,21.0,2003-05-16,Columbus,OH,USA,USA,73.0,201.0,2021.0,CBJ,1.0,12.0
Cole Smith,24-25,NSH,"L, R",Cole Smith24-25NSH,29.0,1995-10-28,Brainerd,MN,USA,USA,75.0,195.0,,,,
Colin Blackwell,24-25,DAL,C,Colin Blackwell24-25DAL,31.0,1993-03-28,Lawrence,MA,USA,USA,69.0,190.0,2011.0,S.J,7.0,13.0
Colin Miller,24-25,WPG,D,Colin Miller24-25WPG,32.0,1992-10-29,Sault Ste. Marie,ON,CAN,CAN,73.0,200.0,2012.0,L.A,5.0,30.0
Colton Parayko,24-25,STL,D,Colton Parayko24-25STL,31.0,1993-05-12,St. Albert,AB,CAN,CAN,78.0,228.0,2012.0,STL,3.0,25.0
Colton Sissons,24-25,NSH,C,Colton Sissons24-25NSH,31.0,1993-11-05,North Vancouver,BC,CAN,CAN,73.0,200.0,2012.0,NSH,2.0,20.0
Connor Bedard,24-25,CHI,C,Connor Bedard24-25CHI,19.0,2005-07-17,,,CAN,,70.0,185.0,2023.0,CHI,1.0,1.0
Connor Brown,24-25,EDM,R,Connor Brown24-25EDM,30.0,1994-01-14,Toronto,ON,CAN,CAN,72.0,181.0,2012.0,TOR,6.0,5.0
Connor Clifton,24-25,BUF,D,Connor Clifton24-25BUF,29.0,1995-04-28,Long Branch,NJ,USA,USA,71.0,190.0,2013.0,PHX,5.0,12.0
Connor Dewar,24-25,TOR,C,Connor Dewar24-25TOR,25.0,1999-06-26,Gilbert Plains,MB,CAN,CAN,70.0,183.0,2018.0,MIN,3.0,30.0
Connor McDavid,24-25,EDM,C,Connor McDavid24-25EDM,27.0,1997-01-13,Richmond Hill,ON,CAN,CAN,73.0,193.0,2015.0,EDM,1.0,1.0
Connor McMichael,24-25,WSH,C,Connor McMichael24-25WSH,23.0,2001-01-15,Ajax,ON,CAN,CAN,72.0,180.0,2019.0,WSH,1.0,25.0
Connor Murphy,24-25,CHI,D,Connor Murphy24-25CHI,31.0,1993-03-26,Dublin,OH,USA,USA,76.0,212.0,2011.0,PHX,1.0,20.0
Connor Zary,24-25,CGY,C,Connor Zary24-25CGY,23.0,2001-09-25,Saskatoon,SK,CAN,CAN,72.0,178.0,2020.0,CGY,1.0,24.0
Conor Garland,24-25,VAN,R,Conor Garland24-25VAN,28.0,1996-03-11,Scituate,MA,USA,USA,70.0,165.0,2015.0,ARI,5.0,2.0
Conor Geekie,24-25,T.B,C,Conor Geekie24-25T.B,20.0,2004-05-05,,,CAN,,76.0,207.0,2022.0,ARI,1.0,11.0
Conor Sheary,24-25,T.B,L,Conor Sheary24-25T.B,32.0,1992-06-08,Winchester,MA,USA,USA,69.0,179.0,,,,
Conor Timmins,24-25,TOR,D,Conor Timmins24-25TOR,26.0,1998-09-18,St. Catharines,ON,CAN,CAN,74.0,202.0,2017.0,COL,2.0,1.0
Corey Perry,24-25,EDM,R,Corey Perry24-25EDM,39.0,1985-05-16,Peterborough,ON,CAN,CAN,75.0,208.0,2003.0,ANA,1.0,28.0
Corey Schueneman,24-25,STL,D,Corey Schueneman24-25STL,29.0,1995-09-02,Milford,MI,USA,USA,71.0,197.0,,,,
Craig Smith,24-25,CHI,C,Craig Smith24-25CHI,35.0,1989-09-05,Madison,WI,USA,USA,72.0,204.0,2009.0,NSH,4.0,7.0
Curtis Lazar,24-25,N.J,C,Curtis Lazar24-25N.J,29.0,1995-02-02,Salmon Arm,BC,CAN,CAN,72.0,203.0,2013.0,OTT,1.0,17.0
Cutter Gauthier,24-25,ANA,L,Cutter Gauthier24-25ANA,20.0,2004-01-19,,,SWE,,74.0,189.0,2022.0,PHI,1.0,5.0
Daemon Hunt,24-25,MIN,D,Daemon Hunt24-25MIN,22.0,2002-05-15,,,CAN,,73.0,201.0,2020.0,MIN,3.0,3.0
Dakota Joshua,24-25,VAN,C,Dakota Joshua24-25VAN,28.0,1996-05-15,Dearborn,MI,USA,USA,75.0,206.0,2014.0,TOR,5.0,8.0
Damon Severson,24-25,CBJ,D,Damon Severson24-25CBJ,30.0,1994-08-07,Melville,SK,CAN,CAN,74.0,205.0,2012.0,N.J,2.0,30.0
Daniel Sprong,24-25,"SEA, VAN",R,"Daniel Sprong24-25SEA, VAN",27.0,1997-03-17,Amsterdam,,NLD,NLD,72.0,202.0,2015.0,PIT,2.0,16.0
Daniil Miromanov,24-25,CGY,D,Daniil Miromanov24-25CGY,27.0,1997-07-11,Moscow,,RUS,RUS,76.0,200.0,,,,
Daniil Misyul,24-25,N.J,D,Daniil Misyul24-25N.J,24.0,2000-10-20,,,BLR,,75.0,176.0,2019.0,N.J,3.0,8.0
Danil Gushchin,24-25,S.J,L,Danil Gushchin24-25S.J,22.0,2002-02-06,Yekaterinburg,,RUS,RUS,68.0,165.0,2020.0,S.J,3.0,14.0
Dante Fabbro,24-25,"CBJ, NSH",D,"Dante Fabbro24-25CBJ, NSH",26.0,1998-06-20,Coquitlam,BC,CAN,CAN,72.0,189.0,2016.0,NSH,1.0,17.0
Danton Heinen,24-25,VAN,L,Danton Heinen24-25VAN,29.0,1995-07-05,Langley,BC,CAN,CAN,73.0,188.0,2014.0,BOS,4.0,26.0
Darnell Nurse,24-25,EDM,D,Darnell Nurse24-25EDM,29.0,1995-02-04,Hamilton,ON,CAN,CAN,76.0,221.0,2013.0,EDM,1.0,7.0
Darren Raddysh,24-25,T.B,D,Darren Raddysh24-25T.B,28.0,1996-02-28,Toronto,ON,CAN,CAN,73.0,200.0,,,,
David Gustafsson,24-25,WPG,C,David Gustafsson24-25WPG,24.0,2000-04-11,Tingsryd,,SWE,SWE,74.0,212.0,2018.0,WPG,2.0,29.0
David Jiricek,24-25,CBJ,D,David Jiricek24-25CBJ,21.0,2003-11-28,Klatovy,,CZE,CZE,76.0,199.0,2022.0,CBJ,1.0,6.0
David Kampf,24-25,TOR,C,David Kampf24-25TOR,29.0,1995-01-12,Chomutov,,CZE,CZE,74.0,197.0,,,,
David Pastrnak,24-25,BOS,R,David Pastrnak24-25BOS,28.0,1996-05-25,Havirov,,CZE,CZE,73.0,195.0,2014.0,BOS,1.0,25.0
David Perron,24-25,OTT,L,David Perron24-25OTT,36.0,1988-05-28,Sherbrooke,QC,CAN,CAN,73.0,196.0,2007.0,STL,1.0,26.0
David Savard,24-25,MTL,D,David Savard24-25MTL,34.0,1990-10-22,St. Hyacinthe,QC,CAN,CAN,73.0,235.0,2009.0,CBJ,4.0,3.0
Dawson Mercer,24-25,N.J,C,Dawson Mercer24-25N.J,23.0,2001-10-27,Carbonear,NL,CAN,CAN,72.0,180.0,2020.0,N.J,1.0,18.0
Declan Chisholm,24-25,MIN,D,Declan Chisholm24-25MIN,24.0,2000-01-12,Bowmanville,ON,CAN,CAN,73.0,185.0,2018.0,WPG,5.0,26.0
Dennis Cholowski,24-25,NYI,D,Dennis Cholowski24-25NYI,26.0,1998-02-15,Langley,BC,CAN,CAN,74.0,210.0,2016.0,DET,1.0,20.0
Dennis Gilbert,24-25,BUF,D,Dennis Gilbert24-25BUF,28.0,1996-10-30,Buffalo,NY,USA,USA,74.0,216.0,2015.0,CHI,3.0,30.0
Derek Forbort,24-25,VAN,D,Derek Forbort24-25VAN,32.0,1992-03-04,Duluth,MN,USA,USA,76.0,208.0,2010.0,L.A,1.0,15.0
Derek Ryan,24-25,EDM,C,Derek Ryan24-25EDM,37.0,1986-12-29,Spokane,WA,USA,USA,70.0,185.0,,,,
Devin Shore,24-25,MIN,C,Devin Shore24-25MIN,30.0,1994-07-19,Ajax,ON,CAN,CAN,73.0,206.0,2012.0,DAL,2.0,31.0
Devon Toews,24-25,COL,D,Devon Toews24-25COL,30.0,1994-02-21,Abbotsford,BC,CAN,CAN,73.0,191.0,2014.0,NYI,4.0,18.0
Dmitri Voronkov,24-25,CBJ,L,Dmitri Voronkov24-25CBJ,24.0,2000-09-10,,,RUS,,77.0,240.0,2019.0,CBJ,4.0,21.0
Dmitry Kulikov,24-25,FLA,D,Dmitry Kulikov24-25FLA,34.0,1990-10-29,Lipetsk,,RUS,RUS,73.0,201.0,2009.0,FLA,1.0,14.0
Dmitry Orlov,24-25,CAR,D,Dmitry Orlov24-25CAR,33.0,1991-07-23,Novokuznetsk,,RUS,RUS,71.0,214.0,2009.0,WSH,2.0,25.0
Dougie Hamilton,24-25,N.J,D,Dougie Hamilton24-25N.J,31.0,1993-06-17,Toronto,ON,CAN,CAN,78.0,230.0,2011.0,BOS,1.0,9.0
Drake Batherson,24-25,OTT,R,Drake Batherson24-25OTT,26.0,1998-04-27,Fort Wayne,IN,USA,USA,75.0,200.0,2017.0,OTT,4.0,28.0
Drake Caggiula,24-25,EDM,L,Drake Caggiula24-25EDM,30.0,1994-06-20,Pickering,ON,CAN,CAN,70.0,176.0,,,,
Drew Helleson,24-25,ANA,D,Drew Helleson24-25ANA,23.0,2001-03-26,Farmington,MN,USA,USA,75.0,190.0,2019.0,COL,2.0,16.0
Drew O'Connor,24-25,PIT,L,Drew O'Connor24-25PIT,26.0,1998-06-09,Chatham,NJ,USA,USA,75.0,200.0,,,,
Dylan Coghlan,24-25,WPG,D,Dylan Coghlan24-25WPG,26.0,1998-02-19,Duncan,BC,CAN,CAN,74.0,208.0,,,,
Dylan Cozens,24-25,BUF,C,Dylan Cozens24-25BUF,23.0,2001-02-09,Whitehorse,YT,CAN,CAN,75.0,195.0,2019.0,BUF,1.0,7.0
Dylan DeMelo,24-25,WPG,D,Dylan DeMelo24-25WPG,31.0,1993-05-01,London,ON,CAN,CAN,72.0,195.0,2011.0,S.J,6.0,28.0
Dylan Guenther,24-25,UTA,R,Dylan Guenther24-25UTA,21.0,2003-04-10,Edmonton,AB,CAN,CAN,74.0,175.0,2021.0,ARI,1.0,9.0
Dylan Holloway,24-25,STL,L,Dylan Holloway24-25STL,23.0,2001-09-23,Calgary,AB,CAN,CAN,73.0,203.0,2020.0,EDM,1.0,14.0
Dylan Larkin,24-25,DET,C,Dylan Larkin24-25DET,28.0,1996-07-30,Waterford,MI,USA,USA,73.0,198.0,2014.0,DET,1.0,15.0
Dylan McIlrath,24-25,WSH,D,Dylan McIlrath24-25WSH,32.0,1992-04-20,Winnipeg,MB,CAN,CAN,77.0,232.0,2010.0,NYR,1.0,10.0
Dylan Samberg,24-25,WPG,D,Dylan Samberg24-25WPG,25.0,1999-01-24,Saginaw,MN,USA,USA,76.0,219.0,2017.0,WPG,2.0,12.0
Dylan Strome,24-25,WSH,C,Dylan Strome24-25WSH,27.0,1997-03-07,Mississauga,ON,CAN,CAN,75.0,200.0,2015.0,ARI,1.0,3.0
Eeli Tolvanen,24-25,SEA,R,Eeli Tolvanen24-25SEA,25.0,1999-04-22,Vihti,,FIN,FIN,70.0,191.0,2017.0,NSH,1.0,30.0
Eetu Luostarinen,24-25,FLA,C,Eetu Luostarinen24-25FLA,26.0,1998-09-02,Siilinjarvi,,FIN,FIN,75.0,190.0,2017.0,CAR,2.0,11.0
Egor Zamula,24-25,PHI,D,Egor Zamula24-25PHI,24.0,2000-03-30,Chelyabinsk,,RUS,RUS,75.0,177.0,,,,
Elias Lindholm,24-25,BOS,C,Elias Lindholm24-25BOS,30.0,1994-12-02,Boden,,SWE,SWE,73.0,202.0,2013.0,CAR,1.0,5.0
Elias Pettersson,24-25,VAN,C,Elias Pettersson24-25VAN,26.0,1998-11-12,Sundsvall,,SWE,SWE,74.0,176.0,2017.0,VAN,1.0,5.0
Emil Andrae,24-25,PHI,D,Emil Andrae24-25PHI,22.0,2002-02-23,,,SWE,,69.0,189.0,2020.0,PHI,2.0,23.0
Emil Heineman,24-25,MTL,L,Emil Heineman24-25MTL,23.0,2001-11-16,Leksand,,SWE,SWE,72.0,194.0,2020.0,FLA,2.0,12.0
Emil Lilleberg,24-25,T.B,D,Emil Lilleberg24-25T.B,23.0,2001-02-02,,,NOR,,74.0,192.0,2021.0,ARI,4.0,11.0
Eric Robinson,24-25,CAR,L,Eric Robinson24-25CAR,29.0,1995-06-14,BELLMAWR,NJ,USA,USA,74.0,205.0,,,,
Erik Brannstrom,24-25,VAN,D,Erik Brannstrom24-25VAN,25.0,1999-09-02,Eksjo,,SWE,SWE,70.0,185.0,2017.0,VGK,1.0,15.0
Erik Cernak,24-25,T.B,D,Erik Cernak24-25T.B,27.0,1997-05-28,Kosice,,SVK,SVK,76.0,224.0,2015.0,L.A,2.0,13.0
Erik Gudbranson,24-25,CBJ,D,Erik Gudbranson24-25CBJ,32.0,1992-01-07,Ottawa,ON,CAN,CAN,77.0,222.0,2010.0,FLA,1.0,3.0
Erik Gustafsson,24-25,DET,D,Erik Gustafsson24-25DET,32.0,1992-03-14,Nynashamn,,SWE,SWE,72.0,197.0,2012.0,EDM,4.0,2.0
Erik Haula,24-25,N.J,L,Erik Haula24-25N.J,33.0,1991-03-23,Pori,,FIN,FIN,71.0,191.0,2009.0,MIN,7.0,1.0
Erik Johnson,24-25,PHI,D,Erik Johnson24-25PHI,36.0,1988-03-21,Bloomington,MN,USA,USA,76.0,225.0,2006.0,STL,1.0,1.0
Erik Karlsson,24-25,PIT,D,Erik Karlsson24-25PIT,34.0,1990-05-31,Landsbro,,SWE,SWE,72.0,190.0,2008.0,OTT,1.0,15.0
Esa Lindell,24-25,DAL,D,Esa Lindell24-25DAL,30.0,1994-05-23,Vantaa,,FIN,FIN,75.0,220.0,2012.0,DAL,3.0,13.0
Ethan Cardwell,24-25,S.J,R,Ethan Cardwell24-25S.J,22.0,2002-08-30,,,CAN,,71.0,180.0,2021.0,S.J,4.0,25.0
Evan Bouchard,24-25,EDM,D,Evan Bouchard24-25EDM,25.0,1999-10-20,Oakville,ON,CAN,CAN,75.0,194.0,2018.0,EDM,1.0,10.0
Evan Rodrigues,24-25,FLA,C,Evan Rodrigues24-25FLA,31.0,1993-07-28,Toronto,ON,CAN,CAN,71.0,184.0,,,,
Evgeni Malkin,24-25,PIT,C,Evgeni Malkin24-25PIT,38.0,1986-07-31,Magnitogorsk,,RUS,RUS,75.0,195.0,2004.0,PIT,1.0,2.0
Evgenii Dadonov,24-25,DAL,R,Evgenii Dadonov24-25DAL,35.0,1989-03-12,Chelyabinsk,,RUS,RUS,71.0,189.0,2007.0,FLA,3.0,10.0
Fabian Zetterlund,24-25,S.J,L,Fabian Zetterlund24-25S.J,25.0,1999-08-25,Karlstad,,SWE,SWE,71.0,220.0,2017.0,N.J,3.0,1.0
Fedor Svechkov,24-25,NSH,C,Fedor Svechkov24-25NSH,21.0,2003-04-05,,,RUS,,72.0,187.0,2021.0,NSH,1.0,19.0
Filip Chytil,24-25,NYR,C,Filip Chytil24-25NYR,25.0,1999-09-05,Kromeriz,,CZE,CZE,74.0,204.0,2017.0,NYR,1.0,21.0
Filip Forsberg,24-25,NSH,L,Filip Forsberg24-25NSH,30.0,1994-08-13,Ostervala,,SWE,SWE,73.0,205.0,2012.0,WSH,1.0,11.0
Filip Hronek,24-25,VAN,D,Filip Hronek24-25VAN,27.0,1997-11-02,Hradec Králové,,CZE,CZE,72.0,190.0,2016.0,DET,2.0,23.0
Frank Vatrano,24-25,ANA,R,Frank Vatrano24-25ANA,30.0,1994-03-14,East Longmeadow,MA,USA,USA,71.0,197.0,,,,
Fraser Minten,24-25,TOR,C,Fraser Minten24-25TOR,20.0,2004-07-05,,,CAN,,74.0,192.0,2022.0,TOR,2.0,6.0
Frederick Gaudreau,24-25,MIN,C,Frederick Gaudreau24-25MIN,31.0,1993-05-01,Bromont,QC,CAN,CAN,72.0,184.0,,,,
Gabriel Vilardi,24-25,WPG,C,Gabriel Vilardi24-25WPG,25.0,1999-08-16,Kingston,ON,CAN,CAN,75.0,215.0,2017.0,L.A,1.0,11.0
Gage Goncalves,24-25,T.B,C,Gage Goncalves24-25T.B,23.0,2001-01-16,,,CAN,,72.0,181.0,2020.0,T.B,2.0,31.0
Garnet Hathaway,24-25,PHI,R,Garnet Hathaway24-25PHI,33.0,1991-11-23,Kennebunkport,ME,USA,USA,75.0,208.0,,,,
Georgii Merkulov,24-25,BOS,C,Georgii Merkulov24-25BOS,24.0,2000-10-10,Ryazan,,RUS,RUS,71.0,179.0,,,,
Givani Smith,24-25,"COL, S.J",R,"Givani Smith24-25COL, S.J",26.0,1998-02-28,Thornhill,ON,CAN,CAN,74.0,214.0,2016.0,DET,2.0,16.0
Grant Hutton,24-25,NYI,D,Grant Hutton24-25NYI,29.0,1995-07-25,Carmel,IN,USA,USA,76.0,214.0,,,,
Grigori Denisenko,24-25,VGK,L,Grigori Denisenko24-25VGK,24.0,2000-06-24,Novosibirsk,,RUS,RUS,71.0,186.0,2018.0,FLA,1.0,15.0
Gustav Forsling,24-25,FLA,D,Gustav Forsling24-25FLA,28.0,1996-06-12,Linkoping,,SWE,SWE,72.0,186.0,2014.0,VAN,5.0,6.0
Gustav Nyquist,24-25,NSH,"C, R",Gustav Nyquist24-25NSH,35.0,1989-09-01,Halmstad,,SWE,SWE,71.0,180.0,2008.0,DET,4.0,30.0
Hampus Lindholm,24-25,BOS,D,Hampus Lindholm24-25BOS,30.0,1994-01-20,Helsingborg,,SWE,SWE,76.0,215.0,2012.0,ANA,1.0,6.0
Haydn Fleury,24-25,WPG,D,Haydn Fleury24-25WPG,28.0,1996-07-08,Carlyle,SK,CAN,CAN,76.0,208.0,2014.0,CAR,1.0,7.0
Helge Grans,24-25,PHI,D,Helge Grans24-25PHI,22.0,2002-05-10,,,SWE,,76.0,205.0,2020.0,L.A,2.0,4.0
Hendrix Lapierre,24-25,WSH,C,Hendrix Lapierre24-25WSH,22.0,2002-02-09,Gatineau,QC,CAN,CAN,72.0,180.0,2020.0,WSH,1.0,22.0
Henri Jokiharju,24-25,BUF,D,Henri Jokiharju24-25BUF,25.0,1999-06-17,Oulu,,FIN,FIN,72.0,200.0,2017.0,CHI,1.0,29.0
Henry Thrun,24-25,S.J,D,Henry Thrun24-25S.J,23.0,2001-03-12,Southborough,MA,USA,USA,74.0,190.0,2019.0,ANA,4.0,8.0
Hudson Fasching,24-25,NYI,R,Hudson Fasching24-25NYI,29.0,1995-07-28,Milwaukee,WI,USA,USA,75.0,204.0,2013.0,L.A,4.0,27.0
Ian Cole,24-25,UTA,D,Ian Cole24-25UTA,35.0,1989-02-21,Ann Arbor,MI,USA,USA,73.0,225.0,2007.0,STL,1.0,18.0
Ilya Lyubushkin,24-25,DAL,D,Ilya Lyubushkin24-25DAL,30.0,1994-04-06,Moscow,,RUS,RUS,74.0,200.0,,,,
Ilya Mikheyev,24-25,CHI,R,Ilya Mikheyev24-25CHI,30.0,1994-10-10,Omsk,,RUS,RUS,74.0,192.0,,,,
Isaak Phillips,24-25,CHI,D,Isaak Phillips24-25CHI,23.0,2001-09-28,Barrie,ON,CAN,CAN,75.0,205.0,2020.0,CHI,5.0,17.0
Isac Lundestrom,24-25,ANA,C,Isac Lundestrom24-25ANA,25.0,1999-11-06,Gallivare,,SWE,SWE,72.0,193.0,2018.0,ANA,1.0,23.0
Isaiah George,24-25,NYI,D,Isaiah George24-25NYI,20.0,2004-02-15,,,CAN,,73.0,196.0,2022.0,NYI,4.0,1.0
Isak Rosen,24-25,BUF,R,Isak Rosen24-25BUF,21.0,2003-03-15,Solna,,SWE,SWE,71.0,156.0,2021.0,BUF,1.0,14.0
Ivan Barbashev,24-25,VGK,C,Ivan Barbashev24-25VGK,28.0,1995-12-14,Moscow,,RUS,RUS,73.0,195.0,2014.0,STL,2.0,3.0
Ivan Ivan,24-25,COL,C,Ivan Ivan24-25COL,22.0,2002-08-20,,,CZE,,72.0,190.0,,,,
Ivan Miroshnichenko,24-25,WSH,L,Ivan Miroshnichenko24-25WSH,20.0,2004-02-04,,,RUS,,73.0,185.0,2022.0,WSH,1.0,20.0
Ivan Provorov,24-25,CBJ,D,Ivan Provorov24-25CBJ,27.0,1997-01-13,Yaroslavl,,RUS,RUS,73.0,201.0,2015.0,PHI,1.0,7.0
J.J. Moser,24-25,T.B,D,J.J. Moser24-25T.B,24.0,2000-06-06,Biel,,CHE,CHE,73.0,173.0,2021.0,ARI,2.0,28.0
J.T. Compher,24-25,DET,L,J.T. Compher24-25DET,29.0,1995-04-08,Northbrook,IL,USA,USA,72.0,190.0,2013.0,BUF,2.0,5.0
J.T. Miller,24-25,VAN,C,J.T. Miller24-25VAN,31.0,1993-03-14,East Palestine,OH,USA,USA,73.0,218.0,2011.0,NYR,1.0,15.0
JJ Peterka,24-25,BUF,R,JJ Peterka24-25BUF,22.0,2002-01-14,Munich,,DEU,DEU,72.0,189.0,2020.0,BUF,2.0,3.0
Jaccob Slavin,24-25,CAR,D,Jaccob Slavin24-25CAR,30.0,1994-05-01,Denver,CO,USA,USA,75.0,207.0,2012.0,CAR,4.0,29.0
Jack Drury,24-25,CAR,C,Jack Drury24-25CAR,24.0,2000-02-03,New York,NY,USA,USA,71.0,174.0,2018.0,CAR,2.0,11.0
Jack Eichel,24-25,VGK,C,Jack Eichel24-25VGK,28.0,1996-10-28,North Chelmsford,MA,USA,USA,74.0,207.0,2015.0,BUF,1.0,2.0
Jack Hughes,24-25,N.J,C,Jack Hughes24-25N.J,23.0,2001-05-14,Orlando,FL,USA,USA,71.0,175.0,2019.0,N.J,1.0,1.0
Jack Johnson,24-25,CBJ,D,Jack Johnson24-25CBJ,37.0,1987-01-13,Indianapolis,IN,USA,USA,73.0,227.0,2005.0,CAR,1.0,3.0
Jack McBain,24-25,UTA,C,Jack McBain24-25UTA,24.0,2000-01-06,Toronto,ON,CAN,CAN,75.0,201.0,2018.0,MIN,3.0,1.0
Jack Quinn,24-25,BUF,R,Jack Quinn24-25BUF,23.0,2001-09-19,Ottawa,ON,CAN,CAN,73.0,185.0,2020.0,BUF,1.0,8.0
Jack Roslovic,24-25,CAR,C,Jack Roslovic24-25CAR,27.0,1997-01-29,Columbus,OH,USA,USA,73.0,200.0,2015.0,WPG,1.0,25.0
Jack St. Ivany,24-25,PIT,D,Jack St. Ivany24-25PIT,25.0,1999-07-22,Manhattan Beach,CA,USA,USA,75.0,198.0,2018.0,PHI,4.0,19.0
Jack Thompson,24-25,S.J,D,Jack Thompson24-25S.J,22.0,2002-03-19,,,CAN,,73.0,178.0,2020.0,T.B,3.0,31.0
Jackson Blake,24-25,CAR,R,Jackson Blake24-25CAR,21.0,2003-08-03,,,USA,,70.0,152.0,2021.0,CAR,4.0,13.0
Jackson LaCombe,24-25,ANA,D,Jackson LaCombe24-25ANA,23.0,2001-01-09,Eden Prairie,MN,USA,USA,73.0,171.0,2019.0,ANA,2.0,8.0
Jacob Bernard-Docker,24-25,OTT,D,Jacob Bernard-Docker24-25OTT,24.0,2000-06-30,Canmore,AB,CAN,CAN,72.0,190.0,2018.0,OTT,1.0,26.0
Jacob Bryson,24-25,BUF,D,Jacob Bryson24-25BUF,27.0,1997-11-18,London,ON,CAN,CAN,69.0,176.0,2017.0,BUF,4.0,6.0
Jacob Moverare,24-25,L.A,D,Jacob Moverare24-25L.A,26.0,1998-08-31,Ostersund,,SWE,SWE,75.0,210.0,2016.0,L.A,4.0,21.0
Jacob Trouba,24-25,"ANA, NYR",D,"Jacob Trouba24-25ANA, NYR",30.0,1994-02-26,Rochester,MI,USA,USA,75.0,203.0,2012.0,WPG,1.0,9.0
Jaden Schwartz,24-25,SEA,C,Jaden Schwartz24-25SEA,32.0,1992-06-25,Wilcox,SK,CAN,CAN,70.0,185.0,2010.0,STL,1.0,14.0
Jake Bean,24-25,CGY,D,Jake Bean24-25CGY,26.0,1998-06-09,Calgary,AB,CAN,CAN,73.0,196.0,2016.0,CAR,1.0,13.0
Jake Christiansen,24-25,CBJ,D,Jake Christiansen24-25CBJ,25.0,1999-09-12,West Vancouver,BC,CAN,CAN,72.0,193.0,,,,
Jake DeBrusk,24-25,VAN,L,Jake DeBrusk24-25VAN,28.0,1996-10-17,Edmonton,AB,CAN,CAN,72.0,197.0,2015.0,BOS,1.0,14.0
Jake Evans,24-25,MTL,C,Jake Evans24-25MTL,28.0,1996-06-02,Toronto,ON,CAN,CAN,72.0,186.0,2014.0,MTL,7.0,27.0
Jake Guentzel,24-25,T.B,C,Jake Guentzel24-25T.B,30.0,1994-10-06,Omaha,NE,USA,USA,71.0,180.0,2013.0,PIT,3.0,16.0
Jake McCabe,24-25,TOR,D,Jake McCabe24-25TOR,31.0,1993-10-12,Eau Claire,WI,USA,USA,73.0,204.0,2012.0,BUF,2.0,14.0
Jake Middleton,24-25,MIN,D,Jake Middleton24-25MIN,28.0,1996-01-02,Wainwright,AB,CAN,CAN,75.0,219.0,2014.0,L.A,7.0,30.0
Jake Neighbours,24-25,STL,L,Jake Neighbours24-25STL,22.0,2002-03-29,Calgary,AB,CAN,CAN,72.0,201.0,2020.0,STL,1.0,26.0
Jake Sanderson,24-25,OTT,D,Jake Sanderson24-25OTT,22.0,2002-07-08,Whitefish,MT,USA,USA,75.0,195.0,2020.0,OTT,1.0,5.0
Jake Walman,24-25,S.J,D,Jake Walman24-25S.J,28.0,1996-02-20,Toronto,ON,CAN,CAN,74.0,215.0,2014.0,STL,3.0,22.0
Jakob Chychrun,24-25,WSH,D,Jakob Chychrun24-25WSH,26.0,1998-03-31,Boca Raton,FL,USA,USA,74.0,220.0,2016.0,ARI,1.0,16.0
Jakob Pelletier,24-25,CGY,L,Jakob Pelletier24-25CGY,23.0,2001-03-07,Québec,QC,CAN,CAN,69.0,170.0,2019.0,CGY,1.0,26.0
Jakub Lauko,24-25,MIN,C,Jakub Lauko24-25MIN,24.0,2000-03-28,Prague,,CZE,CZE,72.0,196.0,2018.0,BOS,3.0,15.0
Jakub Vrana,24-25,WSH,L,Jakub Vrana24-25WSH,28.0,1996-02-28,Prague,,CZE,CZE,72.0,190.0,2014.0,WSH,1.0,13.0
Jalen Chatfield,24-25,CAR,D,Jalen Chatfield24-25CAR,28.0,1996-05-15,Ypsilanti,MI,USA,USA,73.0,188.0,,,,
James van Riemsdyk,24-25,CBJ,L,James van Riemsdyk24-25CBJ,35.0,1989-05-04,Middletown,NJ,USA,USA,75.0,208.0,2007.0,PHI,1.0,2.0
Jamie Benn,24-25,DAL,L,Jamie Benn24-25DAL,35.0,1989-07-18,Victoria,BC,CAN,CAN,74.0,205.0,2007.0,DAL,5.0,8.0
Jamie Drysdale,24-25,PHI,D,Jamie Drysdale24-25PHI,22.0,2002-04-08,Toronto,ON,CAN,CAN,71.0,183.0,2020.0,ANA,1.0,6.0
Jamie Oleksiak,24-25,SEA,D,Jamie Oleksiak24-25SEA,31.0,1992-12-21,Toronto,ON,CAN,CAN,79.0,257.0,2011.0,DAL,1.0,14.0
Jan Rutta,24-25,S.J,D,Jan Rutta24-25S.J,34.0,1990-07-29,Písek,,CZE,CZE,75.0,204.0,,,,
Jani Hakanpää,24-25,TOR,D,Jani Hakanpää24-25TOR,32.0,1992-03-31,Kirkkonummi,,FIN,FIN,78.0,225.0,2010.0,STL,4.0,14.0
Jansen Harkins,24-25,ANA,C,Jansen Harkins24-25ANA,27.0,1997-05-23,Cleveland,OH,USA,USA,73.0,182.0,2015.0,WPG,2.0,17.0
Jared McCann,24-25,SEA,L,Jared McCann24-25SEA,28.0,1996-05-31,Stratford,ON,CAN,CAN,73.0,191.0,2014.0,VAN,1.0,24.0
Jared Spurgeon,24-25,MIN,D,Jared Spurgeon24-25MIN,35.0,1989-11-29,Edmonton,AB,CAN,CAN,69.0,166.0,2008.0,NYI,6.0,5.0
Jason Dickinson,24-25,CHI,C,Jason Dickinson24-25CHI,29.0,1995-07-04,Georgetown,ON,CAN,CAN,74.0,200.0,2013.0,DAL,1.0,29.0
Jason Robertson,24-25,DAL,L,Jason Robertson24-25DAL,25.0,1999-07-22,Arcadia,CA,USA,USA,75.0,200.0,2017.0,DAL,2.0,8.0
Jason Zucker,24-25,BUF,L,Jason Zucker24-25BUF,32.0,1992-01-16,Newport Beach,CA,USA,USA,71.0,192.0,2010.0,MIN,2.0,29.0
Jayden Struble,24-25,MTL,D,Jayden Struble24-25MTL,23.0,2001-09-08,,,USA,,72.0,202.0,2019.0,MTL,2.0,15.0
Jean-Gabriel Pageau,24-25,NYI,C,Jean-Gabriel Pageau24-25NYI,32.0,1992-11-11,Ottawa,ON,CAN,CAN,71.0,185.0,2011.0,OTT,4.0,5.0
Jeff Petry,24-25,DET,D,Jeff Petry24-25DET,37.0,1987-12-09,Ann Arbor,MI,USA,USA,75.0,209.0,2006.0,EDM,2.0,15.0
Jeff Skinner,24-25,EDM,"C, L",Jeff Skinner24-25EDM,32.0,1992-05-16,Toronto,ON,CAN,CAN,71.0,197.0,2010.0,CAR,1.0,7.0
Jeffrey Viel,24-25,BOS,L,Jeffrey Viel24-25BOS,27.0,1997-01-28,Rimouski,QC,CAN,CAN,74.0,205.0,,,,
Jeremy Lauzon,24-25,NSH,D,Jeremy Lauzon24-25NSH,27.0,1997-04-28,Val D'or,QC,CAN,CAN,73.0,204.0,2015.0,BOS,2.0,22.0
Jesper Boqvist,24-25,FLA,C,Jesper Boqvist24-25FLA,26.0,1998-10-30,Falun,,SWE,SWE,72.0,180.0,2017.0,N.J,2.0,5.0
Jesper Bratt,24-25,N.J,L,Jesper Bratt24-25N.J,26.0,1998-07-30,Stockholm,,SWE,SWE,70.0,175.0,2016.0,N.J,6.0,11.0
Jesperi Kotkaniemi,24-25,CAR,C,Jesperi Kotkaniemi24-25CAR,24.0,2000-07-06,Pori,,FIN,FIN,74.0,201.0,2018.0,MTL,1.0,3.0
Jesse Puljujarvi,24-25,PIT,R,Jesse Puljujarvi24-25PIT,26.0,1998-05-07,Alvkarleby,,SWE,FIN,76.0,201.0,2016.0,EDM,1.0,4.0
Jett Luchanko,24-25,PHI,C,Jett Luchanko24-25PHI,18.0,2006-08-21,,,CAN,,71.0,180.0,2024.0,PHI,1.0,13.0
Jimmy Vesey,24-25,NYR,L,Jimmy Vesey24-25NYR,31.0,1993-05-26,Boston,MA,USA,USA,75.0,202.0,2012.0,NSH,3.0,5.0
Jiri Kulich,24-25,BUF,C,Jiri Kulich24-25BUF,20.0,2004-04-14,Kadan,,CZE,CZE,71.0,172.0,2022.0,BUF,1.0,28.0
Joe Veleno,24-25,DET,C,Joe Veleno24-25DET,24.0,2000-01-13,Montreal,QC,CAN,CAN,73.0,203.0,2018.0,DET,1.0,30.0
Joel Armia,24-25,MTL,R,Joel Armia24-25MTL,31.0,1993-05-31,Pori,,FIN,FIN,75.0,216.0,2011.0,BUF,1.0,16.0
Joel Edmundson,24-25,L.A,D,Joel Edmundson24-25L.A,31.0,1993-06-28,Brandon,MB,CAN,CAN,77.0,221.0,2011.0,STL,2.0,16.0
Joel Eriksson Ek,24-25,MIN,C,Joel Eriksson Ek24-25MIN,27.0,1997-01-29,Karlstad,,SWE,SWE,75.0,207.0,2015.0,MIN,1.0,20.0
Joel Farabee,24-25,PHI,L,Joel Farabee24-25PHI,24.0,2000-02-25,Syracuse,NY,USA,USA,72.0,183.0,2018.0,PHI,1.0,14.0
Joel Hanley,24-25,CGY,D,Joel Hanley24-25CGY,33.0,1991-06-08,Keswick,ON,CAN,CAN,71.0,190.0,,,,
Joel Kiviranta,24-25,COL,L,Joel Kiviranta24-25COL,28.0,1996-03-23,Vantaa,,FIN,FIN,71.0,185.0,,,,
Joey Anderson,24-25,CHI,R,Joey Anderson24-25CHI,26.0,1998-06-19,Roseville,MN,USA,USA,72.0,207.0,2016.0,N.J,3.0,12.0
John Beecher,24-25,BOS,C,John Beecher24-25BOS,23.0,2001-04-05,Elmira,NY,USA,USA,75.0,215.0,2019.0,BOS,1.0,30.0
John Carlson,24-25,WSH,D,John Carlson24-25WSH,34.0,1990-01-10,Natick,MA,USA,USA,75.0,215.0,2008.0,WSH,1.0,27.0
John Hayden,24-25,SEA,C,John Hayden24-25SEA,29.0,1995-02-14,Chicago,IL,USA,USA,75.0,223.0,2013.0,CHI,3.0,13.0
John Ludvig,24-25,COL,D,John Ludvig24-25COL,24.0,2000-08-02,Liberec,,CZE,CZE,73.0,213.0,2019.0,FLA,3.0,7.0
John Tavares,24-25,TOR,C,John Tavares24-25TOR,34.0,1990-09-20,Mississauga,ON,CAN,CAN,73.0,216.0,2009.0,NYI,1.0,1.0
Johnathan Kovacevic,24-25,N.J,D,Johnathan Kovacevic24-25N.J,27.0,1997-07-12,Niagara Falls,ON,CAN,CAN,76.0,208.0,2017.0,WPG,3.0,12.0
Jon Merrill,24-25,MIN,D,Jon Merrill24-25MIN,32.0,1992-02-03,Oklahoma City,OK,USA,USA,75.0,204.0,2010.0,N.J,2.0,8.0
Jonah Gadjovich,24-25,FLA,L,Jonah Gadjovich24-25FLA,26.0,1998-10-12,Whitby,ON,CAN,CAN,74.0,209.0,2017.0,VAN,2.0,24.0
Jonas Brodin,24-25,MIN,D,Jonas Brodin24-25MIN,31.0,1993-07-12,Karlstad,,SWE,SWE,74.0,196.0,2011.0,MIN,1.0,10.0
Jonas Rondbjerg,24-25,VGK,R,Jonas Rondbjerg24-25VGK,25.0,1999-03-31,Horsholm,,DNK,DNK,74.0,203.0,2017.0,VGK,3.0,3.0
Jonas Siegenthaler,24-25,N.J,D,Jonas Siegenthaler24-25N.J,27.0,1997-05-06,Zurich,,CHE,CHE,74.0,218.0,2015.0,WSH,2.0,27.0
Jonatan Berggren,24-25,DET,R,Jonatan Berggren24-25DET,24.0,2000-07-16,Uppsala,,SWE,SWE,71.0,197.0,2018.0,DET,2.0,2.0
Jonathan Drouin,24-25,COL,L,Jonathan Drouin24-25COL,29.0,1995-03-28,Ste-Agathe,QC,CAN,CAN,71.0,198.0,2013.0,T.B,1.0,3.0
Jonathan Huberdeau,24-25,CGY,C,Jonathan Huberdeau24-25CGY,31.0,1993-06-04,Saint-Jerome,QC,CAN,CAN,73.0,200.0,2011.0,FLA,1.0,3.0
Jonathan Lekkerimaki,24-25,VAN,R,Jonathan Lekkerimaki24-25VAN,20.0,2004-07-24,,,SWE,,71.0,172.0,2022.0,VAN,1.0,15.0
Jonathan Marchessault,24-25,NSH,R,Jonathan Marchessault24-25NSH,33.0,1990-12-27,Cap-Rouge,QC,CAN,CAN,69.0,183.0,,,,
Jonny Brodzinski,24-25,NYR,C,Jonny Brodzinski24-25NYR,31.0,1993-06-19,Ham Lake,MN,USA,USA,72.0,212.0,2013.0,L.A,5.0,27.0
Jordan Eberle,24-25,SEA,R,Jordan Eberle24-25SEA,34.0,1990-05-15,Regina,SK,CAN,CAN,71.0,190.0,2008.0,EDM,1.0,22.0
Jordan Greenway,24-25,BUF,L,Jordan Greenway24-25BUF,27.0,1997-02-16,Canton,NY,USA,USA,78.0,231.0,2015.0,MIN,2.0,20.0
Jordan Harris,24-25,CBJ,D,Jordan Harris24-25CBJ,24.0,2000-07-07,Haverhill,MA,USA,USA,71.0,189.0,2018.0,MTL,3.0,9.0
Jordan Kyrou,24-25,STL,C,Jordan Kyrou24-25STL,26.0,1998-05-05,Toronto,ON,CAN,CAN,73.0,196.0,2016.0,STL,2.0,5.0
Jordan Martinook,24-25,CAR,L,Jordan Martinook24-25CAR,32.0,1992-07-25,Brandon,MB,CAN,CAN,72.0,196.0,2012.0,PHX,2.0,28.0
Jordan Oesterle,24-25,BOS,D,Jordan Oesterle24-25BOS,32.0,1992-06-25,Dearborn Heights,MI,USA,USA,72.0,187.0,,,,
Jordan Spence,24-25,L.A,D,Jordan Spence24-25L.A,23.0,2001-02-24,Manly,,AUS,AUS,70.0,180.0,2019.0,L.A,4.0,2.0
Jordan Staal,24-25,CAR,C,Jordan Staal24-25CAR,36.0,1988-09-10,Thunder Bay,ON,CAN,CAN,76.0,220.0,2006.0,PIT,1.0,2.0
Josh Anderson,24-25,MTL,R,Josh Anderson24-25MTL,30.0,1994-05-07,Burlington,ON,CAN,CAN,75.0,218.0,2012.0,CBJ,4.0,4.0
Josh Doan,24-25,UTA,R,Josh Doan24-25UTA,22.0,2002-02-01,,,USA,,73.0,183.0,2021.0,ARI,2.0,5.0
Josh Manson,24-25,COL,D,Josh Manson24-25COL,33.0,1991-10-07,Hinsdale,IL,USA,CAN,75.0,218.0,2011.0,ANA,6.0,9.0
Josh Morrissey,24-25,WPG,D,Josh Morrissey24-25WPG,29.0,1995-03-28,Calgary,AB,CAN,CAN,72.0,185.0,2013.0,WPG,1.0,13.0
Josh Norris,24-25,OTT,C,Josh Norris24-25OTT,25.0,1999-05-05,Oxford,MI,USA,USA,74.0,195.0,2017.0,S.J,1.0,19.0
Joshua Brown,24-25,EDM,D,Joshua Brown24-25EDM,30.0,1994-01-21,London,ON,CAN,CAN,77.0,220.0,2013.0,FLA,6.0,1.0
Joshua Mahura,24-25,SEA,D,Joshua Mahura24-25SEA,26.0,1998-05-05,St. Albert,AB,CAN,CAN,72.0,185.0,2016.0,ANA,3.0,24.0
Joshua Roy,24-25,MTL,R,Joshua Roy24-25MTL,21.0,2003-08-06,Saint-Georges-De-Beauce,QC,CAN,CAN,72.0,193.0,2021.0,MTL,5.0,22.0
Julien Gauthier,24-25,NYI,R,Julien Gauthier24-25NYI,27.0,1997-10-15,Pointe-aux-Trembles,QC,CAN,CAN,76.0,224.0,2016.0,CAR,1.0,21.0
Juraj Slafkovsky,24-25,MTL,L,Juraj Slafkovsky24-25MTL,20.0,2004-03-30,Kosice,,SVK,SVK,75.0,238.0,2022.0,MTL,1.0,1.0
Justin Barron,24-25,MTL,D,Justin Barron24-25MTL,23.0,2001-11-15,Halifax,NS,CAN,CAN,74.0,201.0,2020.0,COL,1.0,25.0
Justin Brazeau,24-25,BOS,R,Justin Brazeau24-25BOS,26.0,1998-02-02,New Liskeard,ON,CAN,,77.0,220.0,,,,
Justin Danforth,24-25,CBJ,R,Justin Danforth24-25CBJ,31.0,1993-03-15,Oshawa,ON,CAN,CAN,69.0,190.0,,,,
Justin Dowling,24-25,N.J,C,Justin Dowling24-25N.J,34.0,1990-10-01,Calgary,AB,CAN,CAN,70.0,180.0,,,,
Justin Faulk,24-25,STL,D,Justin Faulk24-25STL,32.0,1992-03-20,South St.Paul,MN,USA,USA,72.0,214.0,2010.0,CAR,2.0,7.0
Justin Holl,24-25,DET,D,Justin Holl24-25DET,32.0,1992-01-30,Tonka Bay,MN,USA,USA,75.0,197.0,2010.0,CHI,2.0,24.0
Justin Kirkland,24-25,CGY,C,Justin Kirkland24-25CGY,28.0,1996-08-02,Winnipeg,MB,CAN,CAN,75.0,183.0,2014.0,NSH,3.0,2.0
Juuso Parssinen,24-25,NSH,C,Juuso Parssinen24-25NSH,23.0,2001-02-01,Hameenlinna,,FIN,FIN,75.0,212.0,2019.0,NSH,7.0,24.0
Juuso Valimaki,24-25,UTA,D,Juuso Valimaki24-25UTA,26.0,1998-10-06,Tampere,,FIN,FIN,74.0,205.0,2017.0,CGY,1.0,16.0
K'Andre Miller,24-25,NYR,D,K'Andre Miller24-25NYR,24.0,2000-01-21,St. Paul,MN,USA,USA,77.0,215.0,2018.0,NYR,1.0,22.0
Kaapo Kakko,24-25,NYR,R,Kaapo Kakko24-25NYR,23.0,2001-02-13,Turku,,FIN,FIN,74.0,206.0,2019.0,NYR,1.0,2.0
Kaedan Korczak,24-25,VGK,D,Kaedan Korczak24-25VGK,23.0,2001-01-29,Yorkton,SK,CAN,CAN,75.0,202.0,2019.0,VGK,2.0,10.0
Kaiden Guhle,24-25,MTL,D,Kaiden Guhle24-25MTL,22.0,2002-01-18,Edmonton,AB,CAN,CAN,74.0,205.0,2020.0,MTL,1.0,16.0
Kailer Yamamoto,24-25,UTA,R,Kailer Yamamoto24-25UTA,26.0,1998-09-29,Spokane,WA,USA,USA,68.0,153.0,2017.0,EDM,1.0,22.0
Kasperi Kapanen,24-25,"EDM, STL",R,"Kasperi Kapanen24-25EDM, STL",28.0,1996-07-23,Kuopio,,FIN,FIN,73.0,194.0,2014.0,PIT,1.0,22.0
Keaton Middleton,24-25,COL,D,Keaton Middleton24-25COL,26.0,1998-02-10,Edmonton,AB,CAN,CAN,78.0,240.0,2016.0,TOR,4.0,10.0
Keegan Kolesar,24-25,VGK,R,Keegan Kolesar24-25VGK,27.0,1997-04-08,Brandon,MB,CAN,CAN,74.0,217.0,2015.0,CBJ,3.0,8.0
Kent Johnson,24-25,CBJ,C,Kent Johnson24-25CBJ,22.0,2002-10-18,Port Moody,BC,CAN,CAN,72.0,175.0,2021.0,CBJ,1.0,5.0
Kevin Bahl,24-25,CGY,D,Kevin Bahl24-25CGY,24.0,2000-06-27,New Westminster,BC,CAN,CAN,78.0,230.0,,,,
Kevin Fiala,24-25,L.A,L,Kevin Fiala24-25L.A,28.0,1996-07-22,St. Gallen,,CHE,CHE,70.0,204.0,2014.0,NSH,1.0,11.0
Kevin Hayes,24-25,PIT,R,Kevin Hayes24-25PIT,32.0,1992-05-08,Dorchester,MA,USA,USA,77.0,216.0,2010.0,CHI,1.0,24.0
Kevin Korchinski,24-25,CHI,D,Kevin Korchinski24-25CHI,20.0,2004-06-21,Saskatoon,SK,CAN,CAN,73.0,185.0,2022.0,CHI,1.0,7.0
Kevin Labanc,24-25,CBJ,R,Kevin Labanc24-25CBJ,29.0,1995-12-12,Brooklyn,NY,USA,USA,71.0,185.0,2014.0,S.J,6.0,21.0
Kevin Rooney,24-25,CGY,C,Kevin Rooney24-25CGY,31.0,1993-05-21,Canton,MA,USA,USA,74.0,190.0,,,,
Kevin Stenlund,24-25,UTA,C,Kevin Stenlund24-25UTA,28.0,1996-09-20,Huddinge,,SWE,SWE,77.0,215.0,2015.0,CBJ,2.0,28.0
Kiefer Sherwood,24-25,VAN,L,Kiefer Sherwood24-25VAN,29.0,1995-03-31,Columbus,OH,USA,USA,72.0,194.0,,,,
Kirby Dach,24-25,MTL,C,Kirby Dach24-25MTL,23.0,2001-01-21,Fort Saskatchewan,AB,CAN,CAN,76.0,212.0,2019.0,CHI,1.0,3.0
Kirill Kaprizov,24-25,MIN,L,Kirill Kaprizov24-25MIN,27.0,1997-04-26,Novokuznetsk,,RUS,RUS,70.0,202.0,2015.0,MIN,5.0,14.0
Kirill Marchenko,24-25,CBJ,R,Kirill Marchenko24-25CBJ,24.0,2000-07-21,Barnaul,,RUS,RUS,75.0,197.0,2018.0,CBJ,2.0,18.0
Klim Kostin,24-25,S.J,C,Klim Kostin24-25S.J,25.0,1999-05-05,Penza,,RUS,RUS,75.0,215.0,2017.0,STL,1.0,31.0
Kris Letang,24-25,PIT,D,Kris Letang24-25PIT,37.0,1987-04-24,Montreal,QC,CAN,CAN,72.0,201.0,2005.0,PIT,3.0,1.0
Kurtis MacDermid,24-25,N.J,L,Kurtis MacDermid24-25N.J,30.0,1994-03-25,Sauble Beach,ON,CAN,CAN,77.0,233.0,,,,
Kyle Burroughs,24-25,L.A,D,Kyle Burroughs24-25L.A,29.0,1995-07-12,Vancouver,BC,CAN,CAN,72.0,193.0,2013.0,NYI,7.0,15.0
Kyle Connor,24-25,WPG,L,Kyle Connor24-25WPG,28.0,1996-12-09,Shelby Twp.,MI,USA,USA,74.0,179.0,2015.0,WPG,1.0,17.0
Kyle MacLean,24-25,NYI,C,Kyle MacLean24-25NYI,25.0,1999-04-29,,,USA,,73.0,190.0,,,,
Kyle Palmieri,24-25,NYI,C,Kyle Palmieri24-25NYI,33.0,1991-02-01,Smithtown,NY,USA,USA,71.0,198.0,2009.0,ANA,1.0,26.0
Lane Hutson,24-25,MTL,D,Lane Hutson24-25MTL,20.0,2004-02-14,,,USA,,69.0,158.0,2022.0,MTL,2.0,30.0
Lars Eller,24-25,"PIT, WSH",C,"Lars Eller24-25PIT, WSH",35.0,1989-05-08,Rodovre,,DNK,DNK,74.0,205.0,2007.0,STL,1.0,13.0
Lawson Crouse,24-25,UTA,L,Lawson Crouse24-25UTA,27.0,1997-06-23,Mt. Brydges,ON,CAN,CAN,76.0,215.0,2015.0,FLA,1.0,11.0
Leo Carlsson,24-25,ANA,C,Leo Carlsson24-25ANA,19.0,2004-12-26,,,SWE,,75.0,194.0,2023.0,ANA,1.0,2.0
Leon Draisaitl,24-25,EDM,C,Leon Draisaitl24-25EDM,29.0,1995-10-27,Cologne,,DEU,DEU,74.0,208.0,2014.0,EDM,1.0,3.0
Liam Foudy,24-25,NYI,C,Liam Foudy24-25NYI,24.0,2000-02-04,Toronto,ON,CAN,CAN,74.0,188.0,2018.0,CBJ,1.0,18.0
Liam O'Brien,24-25,UTA,C,Liam O'Brien24-25UTA,30.0,1994-07-29,Halifax,NS,CAN,CAN,73.0,213.0,,,,
Liam Ohgren,24-25,MIN,L,Liam Ohgren24-25MIN,20.0,2004-01-28,,,SWE,,72.0,187.0,2022.0,MIN,1.0,19.0
Logan Cooley,24-25,UTA,C,Logan Cooley24-25UTA,20.0,2004-05-04,Pittsburgh,PA,USA,USA,70.0,174.0,,,,
Logan Mailloux,24-25,MTL,D,Logan Mailloux24-25MTL,21.0,2003-04-15,,,CAN,,75.0,220.0,2021.0,MTL,1.0,31.0
Logan O'Connor,24-25,COL,R,Logan O'Connor24-25COL,28.0,1996-08-14,Missouri City,TX,USA,USA,72.0,175.0,,,,
Logan Stankoven,24-25,DAL,C,Logan Stankoven24-25DAL,21.0,2003-02-26,Kamloops,BC,CAN,CAN,67.0,170.0,2021.0,DAL,2.0,15.0
Logan Stanley,24-25,WPG,D,Logan Stanley24-25WPG,26.0,1998-05-26,Waterloo,ON,CAN,CAN,79.0,242.0,2016.0,WPG,1.0,18.0
Louis Crevier,24-25,CHI,D,Louis Crevier24-25CHI,23.0,2001-05-04,Quebec City,QC,CAN,CAN,72.0,196.0,2020.0,CHI,7.0,2.0
Lucas Condotta,24-25,MTL,L,Lucas Condotta24-25MTL,27.0,1997-06-19,Georgetown,ON,CAN,CAN,73.0,223.0,,,,
Lucas Raymond,24-25,DET,L,Lucas Raymond24-25DET,22.0,2002-03-28,Gothenburg,,SWE,SWE,71.0,176.0,2020.0,DET,1.0,4.0
Lukas Reichel,24-25,CHI,L,Lukas Reichel24-25CHI,22.0,2002-05-17,Nürnberg,,DEU,DEU,72.0,170.0,2020.0,CHI,1.0,17.0
Luke Evangelista,24-25,NSH,R,Luke Evangelista24-25NSH,22.0,2002-02-21,Toronto,ON,CAN,CAN,72.0,183.0,2020.0,NSH,2.0,11.0
Luke Glendening,24-25,T.B,C,Luke Glendening24-25T.B,35.0,1989-04-28,Grand Rapids,MI,USA,USA,71.0,190.0,,,,
Luke Hughes,24-25,N.J,D,Luke Hughes24-25N.J,21.0,2003-09-09,Manchester,NH,USA,USA,74.0,184.0,2021.0,N.J,1.0,4.0
Luke Kunin,24-25,S.J,C,Luke Kunin24-25S.J,27.0,1997-12-04,Chesterfield,MO,USA,USA,72.0,197.0,2016.0,MIN,1.0,15.0
Luke Schenn,24-25,NSH,D,Luke Schenn24-25NSH,35.0,1989-11-02,Saskatoon,SK,CAN,CAN,74.0,225.0,2008.0,TOR,1.0,5.0
MacKenzie Weegar,24-25,CGY,D,MacKenzie Weegar24-25CGY,30.0,1994-01-07,Ottawa,ON,CAN,CAN,72.0,206.0,2013.0,FLA,7.0,25.0
Mackie Samoskevich,24-25,FLA,R,Mackie Samoskevich24-25FLA,22.0,2002-11-15,Newtown,CT,USA,USA,71.0,191.0,2021.0,FLA,1.0,24.0
Macklin Celebrini,24-25,S.J,C,Macklin Celebrini24-25S.J,18.0,2006-06-13,,,CAN,,72.0,190.0,2024.0,S.J,1.0,1.0
Marat Khusnutdinov,24-25,MIN,C,Marat Khusnutdinov24-25MIN,22.0,2002-07-17,,,RUS,,71.0,176.0,2020.0,MIN,2.0,6.0
Marc Del Gaizo,24-25,NSH,D,Marc Del Gaizo24-25NSH,25.0,1999-10-11,Basking Ridge,NJ,USA,USA,71.0,188.0,2019.0,NSH,4.0,16.0
Marc McLaughlin,24-25,BOS,C,Marc McLaughlin24-25BOS,25.0,1999-07-26,North Billerica,MA,USA,USA,72.0,203.0,,,,
Marco Kasper,24-25,DET,C,Marco Kasper24-25DET,20.0,2004-04-08,Innsbruck,,AUT,AUT,73.0,183.0,2022.0,DET,1.0,8.0
Marco Rossi,24-25,MIN,C,Marco Rossi24-25MIN,23.0,2001-09-23,Feldkirch,,AUT,AUT,69.0,182.0,2020.0,MIN,1.0,9.0
Marcus Foligno,24-25,MIN,L,Marcus Foligno24-25MIN,33.0,1991-08-10,Buffalo,NY,USA,CAN,75.0,226.0,2009.0,BUF,4.0,13.0
Marcus Johansson,24-25,MIN,L,Marcus Johansson24-25MIN,34.0,1990-10-06,Landskrona,,SWE,SWE,73.0,203.0,2009.0,WSH,1.0,24.0
Marcus Pettersson,24-25,PIT,D,Marcus Pettersson24-25PIT,28.0,1996-05-08,Skellefteå,,SWE,SWE,75.0,177.0,2014.0,ANA,2.0,8.0
Mario Ferraro,24-25,S.J,D,Mario Ferraro24-25S.J,26.0,1998-09-17,Toronto,ON,CAN,CAN,72.0,209.0,2017.0,S.J,2.0,18.0
Mark Friedman,24-25,VAN,D,Mark Friedman24-25VAN,28.0,1995-12-25,Toronto,ON,CAN,CAN,71.0,185.0,2014.0,PHI,3.0,26.0
Mark Jankowski,24-25,NSH,"C, L",Mark Jankowski24-25NSH,30.0,1994-09-13,Hamilton,ON,CAN,CAN,76.0,212.0,2012.0,CGY,1.0,21.0
Mark Kastelic,24-25,BOS,C,Mark Kastelic24-25BOS,25.0,1999-03-11,Phoenix,AZ,USA,,75.0,233.0,2019.0,OTT,5.0,1.0
Mark Scheifele,24-25,WPG,C,Mark Scheifele24-25WPG,31.0,1993-03-15,Kitchener,ON,CAN,CAN,75.0,198.0,2011.0,WPG,1.0,7.0
Mark Stone,24-25,VGK,R,Mark Stone24-25VGK,32.0,1992-05-13,Winnipeg,MB,CAN,CAN,75.0,217.0,2010.0,OTT,6.0,28.0
Martin Fehervary,24-25,WSH,D,Martin Fehervary24-25WSH,25.0,1999-10-06,Bratislava,,SVK,SVK,74.0,199.0,2018.0,WSH,2.0,15.0
Martin Necas,24-25,CAR,C,Martin Necas24-25CAR,25.0,1999-01-15,Nove Mesto na Morave,,CZE,CZE,74.0,189.0,2017.0,CAR,1.0,12.0
Martin Pospisil,24-25,CGY,C,Martin Pospisil24-25CGY,25.0,1999-11-19,Zvolen,,SVK,SVK,74.0,173.0,2018.0,CGY,4.0,12.0
Mason Appleton,24-25,WPG,C,Mason Appleton24-25WPG,28.0,1996-01-15,Green Bay,WI,USA,USA,75.0,197.0,2015.0,WPG,6.0,17.0
Mason Lohrei,24-25,BOS,D,Mason Lohrei24-25BOS,23.0,2001-01-17,,,USA,,77.0,211.0,2020.0,BOS,2.0,27.0
Mason Marchment,24-25,DAL,L,Mason Marchment24-25DAL,29.0,1995-06-18,Uxbridge,ON,CAN,,76.0,210.0,,,,
Mason McTavish,24-25,ANA,C,Mason McTavish24-25ANA,21.0,2003-01-30,Zurich,,CHE,CHE,72.0,213.0,2021.0,ANA,1.0,3.0
Mason Morelli,24-25,VGK,L,Mason Morelli24-25VGK,28.0,1996-02-01,,,USA,,73.0,198.0,,,,
Mat?j Blümel,24-25,DAL,R,Mat?j Blümel24-25DAL,24.0,2000-05-31,Tabor,,CZE,CZE,72.0,200.0,2019.0,EDM,4.0,7.0
Mathew Barzal,24-25,NYI,C,Mathew Barzal24-25NYI,27.0,1997-05-26,Coquitlam,BC,CAN,CAN,73.0,190.0,2015.0,NYI,1.0,16.0
Mathew Dumba,24-25,DAL,D,Mathew Dumba24-25DAL,30.0,1994-07-25,Regina,SK,CAN,CAN,72.0,181.0,2012.0,MIN,1.0,7.0
Mathieu Joseph,24-25,STL,R,Mathieu Joseph24-25STL,27.0,1997-02-09,Laval,QC,CAN,CAN,73.0,187.0,2015.0,T.B,4.0,29.0
Mathieu Olivier,24-25,CBJ,R,Mathieu Olivier24-25CBJ,27.0,1997-02-11,Biloxi,MS,USA,USA,73.0,217.0,,,,
Matias Maccelli,24-25,UTA,L,Matias Maccelli24-25UTA,24.0,2000-10-14,Turku,,FIN,FIN,71.0,176.0,2019.0,ARI,4.0,5.0
Mats Zuccarello,24-25,MIN,R,Mats Zuccarello24-25MIN,37.0,1987-09-01,Oslo,,NOR,NOR,68.0,181.0,,,,
Matt Boldy,24-25,MIN,L,Matt Boldy24-25MIN,23.0,2001-04-05,Milford,MA,USA,USA,74.0,201.0,2019.0,MIN,1.0,12.0
Matt Coronato,24-25,CGY,R,Matt Coronato24-25CGY,22.0,2002-11-14,Greenlawn,NY,USA,USA,70.0,183.0,2021.0,CGY,1.0,13.0
Matt Duchene,24-25,DAL,C,Matt Duchene24-25DAL,33.0,1991-01-16,Haliburton,ON,CAN,CAN,71.0,195.0,2009.0,COL,1.0,3.0
Matt Grzelcyk,24-25,PIT,D,Matt Grzelcyk24-25PIT,30.0,1994-01-05,Charlestown,MA,USA,USA,70.0,176.0,2012.0,BOS,3.0,24.0
Matt Martin,24-25,NYI,L,Matt Martin24-25NYI,35.0,1989-05-08,Windsor,ON,CAN,CAN,75.0,220.0,2008.0,NYI,5.0,27.0
Matt Nieto,24-25,PIT,L,Matt Nieto24-25PIT,32.0,1992-11-05,Long Beach,CA,USA,USA,71.0,187.0,2011.0,S.J,2.0,17.0
Matt Rempe,24-25,NYR,C,Matt Rempe24-25NYR,22.0,2002-06-29,Calgary,AB,CAN,CAN,80.0,240.0,2020.0,NYR,6.0,10.0
Matt Roy,24-25,WSH,D,Matt Roy24-25WSH,29.0,1995-03-01,Detroit,MI,USA,USA,73.0,205.0,2015.0,L.A,7.0,13.0
Matt Stienburg,24-25,COL,C,Matt Stienburg24-25COL,24.0,2000-10-07,,,CAN,,73.0,182.0,2019.0,COL,3.0,1.0
Matthew Benning,24-25,S.J,D,Matthew Benning24-25S.J,30.0,1994-05-25,Edmonton,AB,CAN,CAN,73.0,203.0,2012.0,BOS,6.0,24.0
Matthew Kessel,24-25,STL,D,Matthew Kessel24-25STL,24.0,2000-06-23,Phoenix,AZ,USA,USA,74.0,205.0,2020.0,STL,5.0,26.0
Matthew Knies,24-25,TOR,L,Matthew Knies24-25TOR,22.0,2002-10-17,Phoenix,AZ,USA,USA,74.0,210.0,2021.0,TOR,2.0,25.0
Matthew Poitras,24-25,BOS,C,Matthew Poitras24-25BOS,20.0,2004-03-10,Ajax,ON,CAN,CAN,71.0,176.0,2022.0,BOS,2.0,22.0
Matthew Tkachuk,24-25,FLA,L,Matthew Tkachuk24-25FLA,27.0,1997-12-11,Scottsdale,AZ,USA,USA,74.0,201.0,2016.0,CGY,1.0,6.0
Mattias Ekholm,24-25,EDM,D,Mattias Ekholm24-25EDM,34.0,1990-05-24,Borlange,,SWE,SWE,76.0,215.0,2009.0,NSH,4.0,11.0
Mattias Janmark,24-25,EDM,C,Mattias Janmark24-25EDM,32.0,1992-12-08,Stockholm,,SWE,SWE,73.0,205.0,2013.0,DET,3.0,18.0
Mattias Samuelsson,24-25,BUF,D,Mattias Samuelsson24-25BUF,24.0,2000-03-14,Philadelphia,PA,USA,USA,76.0,231.0,2018.0,BUF,2.0,1.0
Matty Beniers,24-25,SEA,C,Matty Beniers24-25SEA,22.0,2002-11-05,Hingham,MA,USA,USA,74.0,178.0,2021.0,SEA,1.0,2.0
Matvei Michkov,24-25,PHI,R,Matvei Michkov24-25PHI,20.0,2004-12-09,,,RUS,,70.0,172.0,2023.0,PHI,1.0,7.0
Maveric Lamoureux,24-25,UTA,D,Maveric Lamoureux24-25UTA,20.0,2004-01-13,,,CAN,,78.0,196.0,2022.0,ARI,1.0,29.0
Mavrik Bourque,24-25,DAL,C,Mavrik Bourque24-25DAL,22.0,2002-01-08,Plessisville,QC,CAN,CAN,70.0,185.0,2020.0,DAL,1.0,30.0
Max Domi,24-25,TOR,C,Max Domi24-25TOR,29.0,1995-03-02,Winnipeg,MB,CAN,CAN,70.0,194.0,2013.0,PHX,1.0,12.0
Max Jones,24-25,BOS,L,Max Jones24-25BOS,26.0,1998-02-17,Rochester,MI,USA,USA,75.0,216.0,2016.0,ANA,1.0,24.0
Max Pacioretty,24-25,TOR,L,Max Pacioretty24-25TOR,36.0,1988-11-20,New Canaan,CT,USA,USA,74.0,217.0,2007.0,MTL,1.0,22.0
Max Sasson,24-25,VAN,C,Max Sasson24-25VAN,24.0,2000-09-05,,,USA,,73.0,181.0,,,,
Maxim Tsyplakov,24-25,NYI,R,Maxim Tsyplakov24-25NYI,26.0,1998-09-19,,,RUS,,75.0,210.0,,,,
Michael Amadio,24-25,OTT,R,Michael Amadio24-25OTT,28.0,1996-05-13,Sault Ste. Marie,ON,CAN,CAN,73.0,204.0,2014.0,L.A,3.0,30.0
Michael Bunting,24-25,PIT,L,Michael Bunting24-25PIT,29.0,1995-09-17,Scarborough,ON,CAN,CAN,72.0,192.0,2014.0,ARI,4.0,27.0
Michael Carcone,24-25,UTA,L,Michael Carcone24-25UTA,28.0,1996-05-19,Ajax,ON,CAN,CAN,69.0,170.0,,,,
Michael Eyssimont,24-25,T.B,C,Michael Eyssimont24-25T.B,28.0,1996-09-09,Littleton,CO,USA,USA,72.0,180.0,2016.0,L.A,5.0,21.0
Michael Kesselring,24-25,UTA,D,Michael Kesselring24-25UTA,24.0,2000-01-13,New Hampton,NH,USA,USA,76.0,190.0,2018.0,EDM,6.0,9.0
Michael McCarron,24-25,NSH,"C, R",Michael McCarron24-25NSH,29.0,1995-03-07,Grosse Pointe,MI,USA,USA,78.0,232.0,2013.0,MTL,1.0,25.0
Michael Milne,24-25,MIN,L,Michael Milne24-25MIN,22.0,2002-09-21,,,CAN,,71.0,185.0,2022.0,MIN,3.0,24.0
Michael Pezzetta,24-25,MTL,L,Michael Pezzetta24-25MTL,26.0,1998-03-13,Toronto,ON,CAN,CAN,73.0,210.0,2016.0,MTL,6.0,9.0
Michael Rasmussen,24-25,DET,C,Michael Rasmussen24-25DET,25.0,1999-04-17,Vancouver,BC,CAN,CAN,78.0,211.0,2017.0,DET,1.0,9.0
Michael Sgarbossa,24-25,WSH,C,Michael Sgarbossa24-25WSH,32.0,1992-07-25,Campbellville,ON,CAN,CAN,72.0,179.0,,,,
Mika Zibanejad,24-25,NYR,C,Mika Zibanejad24-25NYR,31.0,1993-04-18,Huddinge,,SWE,SWE,74.0,202.0,2011.0,OTT,1.0,6.0
Mikael Backlund,24-25,CGY,C,Mikael Backlund24-25CGY,35.0,1989-03-17,Vasteras,,SWE,SWE,72.0,206.0,2007.0,CGY,1.0,24.0
Mikael Granlund,24-25,S.J,C,Mikael Granlund24-25S.J,32.0,1992-02-26,Oulu,,FIN,FIN,70.0,185.0,2010.0,MIN,1.0,9.0
Mikael Pyyhtia,24-25,CBJ,L,Mikael Pyyhtia24-25CBJ,22.0,2001-12-17,Turku,,FIN,FIN,72.0,166.0,2020.0,CBJ,4.0,21.0
Mike Hardman,24-25,N.J,L,Mike Hardman24-25N.J,25.0,1999-02-05,HANOVER,MA,USA,USA,74.0,205.0,,,,
Mike Matheson,24-25,MTL,D,Mike Matheson24-25MTL,30.0,1994-02-27,Pointe-Claire,QC,CAN,CAN,74.0,193.0,2012.0,FLA,1.0,23.0
Mike Reilly,24-25,NYI,D,Mike Reilly24-25NYI,31.0,1993-07-13,Chicago,IL,USA,USA,73.0,196.0,2011.0,CBJ,4.0,7.0
Mikey Anderson,24-25,L.A,D,Mikey Anderson24-25L.A,25.0,1999-05-25,Fridley,MN,USA,USA,72.0,195.0,2017.0,L.A,4.0,10.0
Mikhail Sergachev,24-25,UTA,D,Mikhail Sergachev24-25UTA,26.0,1998-06-25,Nizhnekamsk,,RUS,RUS,73.0,217.0,2016.0,MTL,1.0,9.0
Mikko Rantanen,24-25,COL,R,Mikko Rantanen24-25COL,28.0,1996-10-29,Nousiainen,,FIN,FIN,76.0,215.0,2015.0,COL,1.0,10.0
Miles Wood,24-25,COL,L,Miles Wood24-25COL,29.0,1995-09-13,Buffalo,NY,USA,USA,74.0,195.0,2013.0,N.J,4.0,9.0
Miro Heiskanen,24-25,DAL,D,Miro Heiskanen24-25DAL,25.0,1999-07-18,Espoo,,FIN,FIN,73.0,195.0,2017.0,DAL,1.0,3.0
Mitch Marner,24-25,TOR,R,Mitch Marner24-25TOR,27.0,1997-05-05,Markham,ON,CAN,CAN,72.0,181.0,2015.0,TOR,1.0,4.0
Mitchell Chaffee,24-25,T.B,R,Mitchell Chaffee24-25T.B,26.0,1998-01-26,Rockford,MI,USA,USA,73.0,201.0,,,,
Mitchell Stephens,24-25,SEA,C,Mitchell Stephens24-25SEA,27.0,1997-02-05,Peterborough,ON,CAN,CAN,71.0,190.0,2015.0,T.B,2.0,3.0
Morgan Barron,24-25,WPG,C,Morgan Barron24-25WPG,26.0,1998-12-02,Halifax,NS,CAN,CAN,76.0,220.0,2017.0,NYR,6.0,19.0
Morgan Frost,24-25,PHI,C,Morgan Frost24-25PHI,25.0,1999-05-14,Aurora,ON,CAN,CAN,71.0,170.0,2017.0,PHI,1.0,27.0
Morgan Geekie,24-25,BOS,C,Morgan Geekie24-25BOS,26.0,1998-07-20,Strathclair,MB,CAN,CAN,75.0,200.0,2017.0,CAR,3.0,5.0
Morgan Rielly,24-25,TOR,D,Morgan Rielly24-25TOR,30.0,1994-03-09,Vancouver,BC,CAN,CAN,73.0,222.0,2012.0,TOR,1.0,5.0
Moritz Seider,24-25,DET,D,Moritz Seider24-25DET,23.0,2001-04-06,Zell,,DEU,DEU,76.0,204.0,2019.0,DET,1.0,6.0
Nate Schmidt,24-25,FLA,D,Nate Schmidt24-25FLA,33.0,1991-07-16,St. Cloud,MN,USA,USA,72.0,195.0,,,,
Nathan Bastian,24-25,N.J,R,Nathan Bastian24-25N.J,27.0,1997-12-06,Kitchener,ON,CAN,CAN,76.0,205.0,2016.0,N.J,2.0,11.0
Nathan Légaré,24-25,N.J,R,Nathan Légaré24-25N.J,23.0,2001-01-11,Montreal,QC,CAN,CAN,72.0,205.0,2019.0,PIT,3.0,12.0
Nathan MacKinnon,24-25,COL,C,Nathan MacKinnon24-25COL,29.0,1995-09-01,Halifax,NS,CAN,CAN,72.0,200.0,2013.0,COL,1.0,1.0
Nathan Walker,24-25,STL,L,Nathan Walker24-25STL,30.0,1994-02-07,Cardiff,,GBR,AUS,69.0,187.0,2014.0,WSH,3.0,29.0
Nazem Kadri,24-25,CGY,C,Nazem Kadri24-25CGY,34.0,1990-10-06,London,ON,CAN,CAN,72.0,185.0,2009.0,TOR,1.0,7.0
Neal Pionk,24-25,WPG,D,Neal Pionk24-25WPG,29.0,1995-07-29,Hermantown,MN,USA,USA,72.0,185.0,,,,
Nic Dowd,24-25,WSH,C,Nic Dowd24-25WSH,34.0,1990-05-27,Huntsville,AL,USA,USA,73.0,193.0,2009.0,L.A,7.0,17.0
Nicholas Paul,24-25,T.B,L,Nicholas Paul24-25T.B,29.0,1995-03-20,Mississauga,ON,CAN,CAN,75.0,223.0,2013.0,DAL,4.0,10.0
Nicholas Robertson,24-25,TOR,L,Nicholas Robertson24-25TOR,23.0,2001-09-11,Pasadena,CA,USA,USA,69.0,183.0,2019.0,TOR,2.0,22.0
Nick Bjugstad,24-25,UTA,C,Nick Bjugstad24-25UTA,32.0,1992-07-17,Minneapolis,MN,USA,USA,78.0,209.0,2010.0,FLA,1.0,19.0
Nick Blankenburg,24-25,NSH,D,Nick Blankenburg24-25NSH,26.0,1998-05-12,WASHINGTON,MI,USA,USA,69.0,177.0,,,,
Nick Cousins,24-25,OTT,C,Nick Cousins24-25OTT,31.0,1993-07-20,Belleville,ON,CAN,CAN,71.0,192.0,2011.0,PHI,3.0,7.0
Nick Foligno,24-25,CHI,L,Nick Foligno24-25CHI,37.0,1987-10-31,Buffalo,NY,USA,USA,72.0,210.0,2006.0,OTT,1.0,28.0
Nick Jensen,24-25,OTT,D,Nick Jensen24-25OTT,34.0,1990-09-21,St. Paul,MN,USA,USA,73.0,205.0,2009.0,DET,5.0,29.0
Nick Leddy,24-25,STL,D,Nick Leddy24-25STL,33.0,1991-03-20,Eden Prairie,MN,USA,USA,72.0,205.0,2009.0,MIN,1.0,16.0
Nick Perbix,24-25,T.B,D,Nick Perbix24-25T.B,26.0,1998-06-15,Minneapolis,MN,USA,USA,74.0,191.0,2017.0,T.B,6.0,14.0
Nick Schmaltz,24-25,UTA,C,Nick Schmaltz24-25UTA,28.0,1996-02-23,Madison,WI,USA,USA,72.0,181.0,2014.0,CHI,1.0,20.0
Nick Seeler,24-25,PHI,D,Nick Seeler24-25PHI,31.0,1993-06-03,Eden Prairie,MN,USA,USA,74.0,201.0,2011.0,MIN,5.0,10.0
Nick Suzuki,24-25,MTL,C,Nick Suzuki24-25MTL,25.0,1999-08-10,London,ON,CAN,CAN,71.0,208.0,2017.0,VGK,1.0,13.0
Nico Hischier,24-25,N.J,C,Nico Hischier24-25N.J,25.0,1999-01-04,Brig,,CHE,CHE,73.0,175.0,2017.0,N.J,1.0,1.0
Nico Sturm,24-25,S.J,C,Nico Sturm24-25S.J,29.0,1995-05-03,Augsburg,,DEU,DEU,75.0,209.0,,,,
Nicolas Aube-Kubel,24-25,BUF,R,Nicolas Aube-Kubel24-25BUF,28.0,1996-05-10,Slave Lake,AB,CAN,CAN,72.0,207.0,2014.0,PHI,2.0,18.0
Nicolas Deslauriers,24-25,PHI,L,Nicolas Deslauriers24-25PHI,33.0,1991-02-22,LaSalle,QC,CAN,CAN,73.0,220.0,2009.0,L.A,3.0,23.0
Nicolas Hague,24-25,VGK,D,Nicolas Hague24-25VGK,26.0,1998-12-05,Kitchener,ON,CAN,CAN,78.0,230.0,2017.0,VGK,2.0,3.0
Nicolas Roy,24-25,VGK,C,Nicolas Roy24-25VGK,27.0,1997-02-05,Amos,QC,CAN,CAN,76.0,202.0,2015.0,CAR,4.0,5.0
Nikita Chibrikov,24-25,WPG,R,Nikita Chibrikov24-25WPG,21.0,2003-02-16,,,RUS,,70.0,170.0,2021.0,WPG,2.0,18.0
Nikita Grebenkin,24-25,TOR,R,Nikita Grebenkin24-25TOR,21.0,2003-05-02,,,RUS,,74.0,195.0,2022.0,TOR,5.0,6.0
Nikita Kucherov,24-25,T.B,R,Nikita Kucherov24-25T.B,31.0,1993-06-17,Maykop,,RUS,RUS,71.0,181.0,2011.0,T.B,2.0,28.0
Nikita Prishchepov,,COL,C,,20.0,2004-02-20,,,RUS,,73.0,194.0,2024.0,COL,7.0,24.0
Nikita Zadorov,24-25,BOS,D,Nikita Zadorov24-25BOS,29.0,1995-04-16,Moscow,,RUS,RUS,78.0,248.0,2013.0,BUF,1.0,16.0
Niko Mikkola,24-25,FLA,D,Niko Mikkola24-25FLA,28.0,1996-04-27,Finland,,FIN,FIN,76.0,209.0,2015.0,STL,5.0,6.0
Nikolai Kovalenko,24-25,"COL, S.J",R,"Nikolai Kovalenko24-25COL, S.J",25.0,1999-10-17,,,USA,,70.0,180.0,2018.0,COL,6.0,16.0
Nikolaj Ehlers,24-25,WPG,L,Nikolaj Ehlers24-25WPG,28.0,1996-02-14,Aalborg,,DNK,DNK,72.0,169.0,2014.0,WPG,1.0,9.0
Nils Aman,24-25,VAN,C,Nils Aman24-25VAN,24.0,2000-02-07,Avesta,,SWE,SWE,74.0,179.0,2020.0,COL,6.0,12.0
Nils Hoglander,24-25,VAN,L,Nils Hoglander24-25VAN,23.0,2000-12-20,BOCKTRäSK,,SWE,SWE,69.0,185.0,2019.0,VAN,2.0,9.0
Nils Lundkvist,24-25,DAL,D,Nils Lundkvist24-25DAL,24.0,2000-07-27,Pitea,,SWE,SWE,71.0,190.0,2018.0,NYR,1.0,28.0
Nino Niederreiter,24-25,WPG,R,Nino Niederreiter24-25WPG,32.0,1992-09-08,Chur,,CHE,CHE,74.0,218.0,2010.0,NYI,1.0,5.0
Noah Cates,24-25,PHI,L,Noah Cates24-25PHI,25.0,1999-02-05,Stillwater,MN,USA,USA,73.0,165.0,2017.0,PHI,5.0,13.0
Noah Dobson,24-25,NYI,D,Noah Dobson24-25NYI,24.0,2000-01-07,Summerside,PE,CAN,CAN,76.0,194.0,2018.0,NYI,1.0,12.0
Noah Gregor,24-25,OTT,L,Noah Gregor24-25OTT,26.0,1998-07-28,Beaumont,AB,CAN,CAN,72.0,190.0,2016.0,S.J,4.0,20.0
Noah Hanifin,24-25,VGK,D,Noah Hanifin24-25VGK,27.0,1997-01-25,Boston,MA,USA,USA,75.0,207.0,2015.0,CAR,1.0,5.0
Noah Juulsen,24-25,VAN,D,Noah Juulsen24-25VAN,27.0,1997-04-02,Surrey,BC,CAN,CAN,74.0,201.0,2015.0,MTL,1.0,26.0
Noah Philp,24-25,EDM,C,Noah Philp24-25EDM,26.0,1998-08-31,,,CAN,,75.0,198.0,,,,
Noel Acciari,24-25,PIT,C,Noel Acciari24-25PIT,33.0,1991-12-01,Johnston,RI,USA,USA,70.0,209.0,,,,
Nolan Allan,24-25,CHI,D,Nolan Allan24-25CHI,21.0,2003-04-28,Saskatoon,SK,CAN,CAN,74.0,195.0,2021.0,CHI,1.0,32.0
Nolan Foote,24-25,N.J,L,Nolan Foote24-25N.J,24.0,2000-11-29,Denver,CO,USA,USA,75.0,196.0,2019.0,T.B,1.0,27.0
Olen Zellweger,24-25,ANA,D,Olen Zellweger24-25ANA,21.0,2003-09-10,Calgary,AB,CAN,CAN,69.0,175.0,2021.0,ANA,2.0,2.0
Oliver Bjorkstrand,24-25,SEA,R,Oliver Bjorkstrand24-25SEA,29.0,1995-04-10,Herning,,DNK,DNK,72.0,175.0,2013.0,CBJ,3.0,28.0
Oliver Ekman-Larsson,24-25,TOR,D,Oliver Ekman-Larsson24-25TOR,33.0,1991-07-17,Karlskrona,,SWE,SWE,74.0,200.0,2009.0,PHX,1.0,6.0
Oliver Kapanen,24-25,MTL,C,Oliver Kapanen24-25MTL,21.0,2003-07-29,,,SWE,,74.0,194.0,2021.0,MTL,2.0,32.0
Oliver Kylington,24-25,COL,D,Oliver Kylington24-25COL,27.0,1997-05-19,Stockholm,,SWE,SWE,72.0,183.0,2015.0,CGY,2.0,30.0
Oliver Wahlstrom,24-25,NYI,R,Oliver Wahlstrom24-25NYI,24.0,2000-06-13,Portland,ME,USA,USA,74.0,204.0,2018.0,NYI,1.0,11.0
Olli Maatta,24-25,"DET, UTA",D,"Olli Maatta24-25DET, UTA",30.0,1994-08-22,Jyväskylä,,FIN,FIN,74.0,207.0,2012.0,PIT,1.0,22.0
Ondrej Palat,24-25,N.J,L,Ondrej Palat24-25N.J,33.0,1991-03-28,Frydek-Mistek,,CZE,CZE,72.0,194.0,2011.0,T.B,7.0,27.0
Oskar Back,24-25,DAL,C,Oskar Back24-25DAL,24.0,2000-03-12,Karlstad,,SWE,SWE,75.0,210.0,2018.0,DAL,3.0,13.0
Oskar Sundqvist,24-25,STL,C,Oskar Sundqvist24-25STL,30.0,1994-03-23,Boden,,SWE,SWE,75.0,220.0,2012.0,PIT,3.0,20.0
Owen Pickering,24-25,PIT,D,Owen Pickering24-25PIT,20.0,2004-01-27,St. Adolphe,MB,CAN,CAN,75.0,179.0,2022.0,PIT,1.0,21.0
Owen Power,24-25,BUF,D,Owen Power24-25BUF,22.0,2002-11-22,Mississauga,ON,CAN,CAN,78.0,218.0,2021.0,BUF,1.0,1.0
Owen Tippett,24-25,PHI,R,Owen Tippett24-25PHI,25.0,1999-02-16,Peterborough,ON,CAN,CAN,73.0,207.0,2017.0,FLA,1.0,10.0
Parker Kelly,24-25,COL,C,Parker Kelly24-25COL,25.0,1999-05-14,Camrose,AB,CAN,CAN,72.0,190.0,,,,
Parker Wotherspoon,24-25,BOS,D,Parker Wotherspoon24-25BOS,27.0,1997-08-24,Surrey,BC,CAN,CAN,73.0,190.0,2015.0,NYI,4.0,21.0
Patrick Brown,24-25,BOS,C,Patrick Brown24-25BOS,32.0,1992-05-29,Bloomfield Hills,MI,USA,USA,73.0,210.0,,,,
Patrick Giles,24-25,FLA,R,Patrick Giles24-25FLA,24.0,2000-01-03,Chevy Chase,MD,USA,USA,76.0,203.0,,,,
Patrick Kane,24-25,DET,R,Patrick Kane24-25DET,36.0,1988-11-19,Buffalo,NY,USA,USA,70.0,177.0,2007.0,CHI,1.0,1.0
Patrick Maroon,24-25,CHI,L,Patrick Maroon24-25CHI,36.0,1988-04-23,St. Louis,MO,USA,USA,75.0,234.0,2007.0,PHI,6.0,10.0
Patrik Laine,24-25,MTL,L,Patrik Laine24-25MTL,26.0,1998-04-19,Tampere,,FIN,FIN,77.0,205.0,2016.0,WPG,1.0,2.0
Paul Cotter,24-25,N.J,C,Paul Cotter24-25N.J,25.0,1999-11-16,Canton,MI,USA,USA,74.0,212.0,2018.0,VGK,4.0,22.0
Pavel Buchnevich,24-25,STL,L,Pavel Buchnevich24-25STL,29.0,1995-04-17,Cherepovets,,RUS,RUS,73.0,196.0,2013.0,NYR,3.0,14.0
Pavel Dorofeyev,24-25,VGK,L,Pavel Dorofeyev24-25VGK,24.0,2000-10-26,Nizhny Tagil,,RUS,RUS,73.0,194.0,2019.0,VGK,3.0,17.0
Pavel Mintyukov,24-25,ANA,D,Pavel Mintyukov24-25ANA,21.0,2003-11-25,Moscow,,RUS,RUS,73.0,192.0,2022.0,ANA,1.0,10.0
Pavel Zacha,24-25,BOS,C,Pavel Zacha24-25BOS,27.0,1997-04-06,Brno,,CZE,CZE,76.0,199.0,2015.0,N.J,1.0,6.0
Peyton Krebs,24-25,BUF,C,Peyton Krebs24-25BUF,23.0,2001-01-26,Calgary,AB,CAN,CAN,72.0,187.0,2019.0,VGK,1.0,17.0
Philip Broberg,24-25,STL,D,Philip Broberg24-25STL,23.0,2001-06-25,Orebro,,SWE,SWE,75.0,199.0,2019.0,EDM,1.0,8.0
Philip Tomasino,24-25,"NSH, PIT","C, R","Philip Tomasino24-25NSH, PIT",23.0,2001-07-28,Mississauga,ON,CAN,CAN,72.0,179.0,2019.0,NSH,1.0,24.0
Philipp Kurashev,24-25,CHI,C,Philipp Kurashev24-25CHI,25.0,1999-10-12,Munsingen,,CHE,CHE,72.0,190.0,2018.0,CHI,4.0,27.0
Philippe Myers,24-25,TOR,D,Philippe Myers24-25TOR,27.0,1997-01-25,Moncton,NB,CAN,CAN,78.0,219.0,,,,
Phillip Danault,24-25,L.A,C,Phillip Danault24-25L.A,31.0,1993-02-24,Victoriaville,QC,CAN,CAN,73.0,200.0,2011.0,CHI,1.0,26.0
Pierre Engvall,24-25,NYI,L,Pierre Engvall24-25NYI,28.0,1996-05-31,Ljungby,,SWE,SWE,77.0,219.0,2014.0,TOR,7.0,8.0
Pierre-Luc Dubois,24-25,WSH,L,Pierre-Luc Dubois24-25WSH,26.0,1998-06-24,Ste-Agathe-Des-Monts,QC,CAN,CAN,76.0,214.0,2016.0,CBJ,1.0,3.0
Pierre-Olivier Joseph,24-25,STL,D,Pierre-Olivier Joseph24-25STL,25.0,1999-07-01,Laval,QC,CAN,CAN,74.0,185.0,2017.0,ARI,1.0,23.0
Pius Suter,24-25,VAN,C,Pius Suter24-25VAN,28.0,1996-05-24,Zurich,,CHE,CHE,71.0,179.0,,,,
Pontus Holmberg,24-25,TOR,R,Pontus Holmberg24-25TOR,25.0,1999-03-09,Vasteras,,SWE,SWE,72.0,202.0,2018.0,TOR,6.0,1.0
Quinn Hughes,24-25,VAN,D,Quinn Hughes24-25VAN,25.0,1999-10-14,Orlando,FL,USA,USA,70.0,180.0,2018.0,VAN,1.0,7.0
Quinton Byfield,24-25,L.A,R,Quinton Byfield24-25L.A,22.0,2002-08-19,Newmarket,ON,CAN,CAN,77.0,220.0,2020.0,L.A,1.0,2.0
Radek Faksa,24-25,STL,C,Radek Faksa24-25STL,30.0,1994-01-09,Vitkov,,CZE,CZE,75.0,225.0,2012.0,DAL,1.0,13.0
Radko Gudas,24-25,ANA,D,Radko Gudas24-25ANA,34.0,1990-06-05,Prague,,CZE,CZE,72.0,208.0,2010.0,T.B,3.0,6.0
Rasmus Andersson,24-25,CGY,D,Rasmus Andersson24-25CGY,28.0,1996-10-27,Malmö,,SWE,SWE,73.0,202.0,2015.0,CGY,2.0,23.0
Rasmus Dahlin,24-25,BUF,D,Rasmus Dahlin24-25BUF,24.0,2000-04-13,Trollhattan,,SWE,SWE,75.0,202.0,2018.0,BUF,1.0,1.0
Rasmus Kupari,24-25,WPG,C,Rasmus Kupari24-25WPG,24.0,2000-03-15,Kotka,,FIN,FIN,74.0,200.0,2018.0,L.A,1.0,20.0
Rasmus Ristolainen,24-25,PHI,D,Rasmus Ristolainen24-25PHI,30.0,1994-10-27,Turku,,FIN,FIN,76.0,221.0,2013.0,BUF,1.0,8.0
Rasmus Sandin,24-25,WSH,D,Rasmus Sandin24-25WSH,24.0,2000-03-07,Uppsala,,SWE,SWE,71.0,182.0,2018.0,TOR,1.0,29.0
Reese Johnson,24-25,MIN,C,Reese Johnson24-25MIN,26.0,1998-07-10,Regina,SK,CAN,CAN,73.0,193.0,,,,
Reilly Smith,24-25,NYR,R,Reilly Smith24-25NYR,33.0,1991-04-01,Toronto,ON,CAN,CAN,73.0,185.0,2009.0,DAL,3.0,8.0
Rickard Rakell,24-25,PIT,R,Rickard Rakell24-25PIT,31.0,1993-05-05,Sundbyberg,,SWE,SWE,73.0,195.0,2011.0,ANA,1.0,30.0
Ridly Greig,24-25,OTT,C,Ridly Greig24-25OTT,22.0,2002-08-08,Lethbridge,AB,CAN,CAN,72.0,183.0,2020.0,OTT,1.0,28.0
Riley Tufte,24-25,BOS,L,Riley Tufte24-25BOS,26.0,1998-04-10,Coon Rapids,MN,USA,USA,78.0,230.0,2016.0,DAL,1.0,25.0
Robby Fabbri,24-25,ANA,C,Robby Fabbri24-25ANA,28.0,1996-01-22,Mississauga,ON,CAN,CAN,71.0,185.0,2014.0,STL,1.0,21.0
Robert Bortuzzo,24-25,UTA,D,Robert Bortuzzo24-25UTA,35.0,1989-03-18,Thunder Bay,ON,CAN,CAN,76.0,216.0,2007.0,PIT,3.0,17.0
Robert Hagg,24-25,VGK,D,Robert Hagg24-25VGK,29.0,1995-02-08,Uppsala,,SWE,SWE,74.0,210.0,2013.0,PHI,2.0,11.0
Robert Thomas,24-25,STL,C,Robert Thomas24-25STL,25.0,1999-07-02,Aurora,ON,CAN,CAN,72.0,218.0,2017.0,STL,1.0,20.0
Roman Josi,24-25,NSH,D,Roman Josi24-25NSH,34.0,1990-06-01,Bern,,CHE,CHE,73.0,201.0,2008.0,NSH,2.0,8.0
Roope Hintz,24-25,DAL,C,Roope Hintz24-25DAL,28.0,1996-11-17,Tampere,,FIN,FIN,75.0,215.0,2015.0,DAL,2.0,19.0
Ross Colton,24-25,COL,C,Ross Colton24-25COL,28.0,1996-09-11,Robbinsville,NJ,USA,USA,72.0,194.0,2016.0,T.B,4.0,27.0
Ross Johnston,24-25,ANA,L,Ross Johnston24-25ANA,30.0,1994-02-18,Charlottetown,PE,CAN,CAN,77.0,230.0,,,,
Rutger McGroarty,24-25,PIT,R,Rutger McGroarty24-25PIT,20.0,2004-03-30,,,USA,,72.0,200.0,2022.0,WPG,1.0,14.0
Ryan Donato,24-25,CHI,C,Ryan Donato24-25CHI,28.0,1996-04-09,Boston,MA,USA,USA,72.0,190.0,2014.0,BOS,2.0,26.0
Ryan Graves,24-25,PIT,D,Ryan Graves24-25PIT,29.0,1995-05-21,Yarmouth,NS,CAN,CAN,77.0,220.0,2013.0,NYR,4.0,19.0
Ryan Hartman,24-25,MIN,R,Ryan Hartman24-25MIN,30.0,1994-09-20,Hilton Head Isl.,SC,USA,USA,72.0,197.0,2013.0,CHI,1.0,30.0
Ryan Johnson,24-25,BUF,D,Ryan Johnson24-25BUF,23.0,2001-07-24,,,USA,,72.0,170.0,2019.0,BUF,1.0,31.0
Ryan Lindgren,24-25,NYR,D,Ryan Lindgren24-25NYR,26.0,1998-02-11,Burnsville,MN,USA,USA,72.0,190.0,2016.0,BOS,2.0,19.0
Ryan Lomberg,24-25,CGY,L,Ryan Lomberg24-25CGY,30.0,1994-09-12,Richmond Hill,ON,CAN,CAN,69.0,187.0,,,,
Ryan McDonagh,24-25,T.B,D,Ryan McDonagh24-25T.B,35.0,1989-06-13,St. Paul,MN,USA,USA,73.0,215.0,2007.0,MTL,1.0,12.0
Ryan McLeod,24-25,BUF,C,Ryan McLeod24-25BUF,25.0,1999-09-21,Mississauga,ON,CAN,CAN,74.0,207.0,2018.0,EDM,2.0,9.0
Ryan Nugent-Hopkins,24-25,EDM,C,Ryan Nugent-Hopkins24-25EDM,31.0,1993-04-12,Burnaby,BC,CAN,CAN,72.0,195.0,2011.0,EDM,1.0,1.0
Ryan O'Reilly,24-25,NSH,C,Ryan O'Reilly24-25NSH,33.0,1991-02-07,Clinton,ON,CAN,CAN,73.0,207.0,2009.0,COL,2.0,3.0
Ryan Poehling,24-25,PHI,C,Ryan Poehling24-25PHI,25.0,1999-01-03,Lakeville,MN,USA,USA,74.0,196.0,2017.0,MTL,1.0,25.0
Ryan Pulock,24-25,NYI,D,Ryan Pulock24-25NYI,30.0,1994-10-06,Dauphin,MB,CAN,CAN,74.0,216.0,2013.0,NYI,1.0,15.0
Ryan Reaves,24-25,TOR,R,Ryan Reaves24-25TOR,37.0,1987-01-20,Winnipeg,MB,CAN,CAN,74.0,225.0,2005.0,STL,5.0,31.0
Ryan Shea,24-25,PIT,D,Ryan Shea24-25PIT,27.0,1997-02-11,Milton,MA,USA,USA,74.0,200.0,2015.0,CHI,4.0,30.0
Ryan Strome,24-25,ANA,C,Ryan Strome24-25ANA,31.0,1993-07-11,Mississauga,ON,CAN,CAN,73.0,191.0,2011.0,NYI,1.0,5.0
Ryan Suter,24-25,STL,D,Ryan Suter24-25STL,39.0,1985-01-21,Madison,WI,USA,USA,73.0,205.0,2003.0,NSH,1.0,7.0
Ryan Winterton,24-25,SEA,C,Ryan Winterton24-25SEA,21.0,2003-09-04,Markham,ON,CAN,CAN,74.0,175.0,2021.0,SEA,3.0,3.0
Ryker Evans,24-25,SEA,D,Ryker Evans24-25SEA,22.0,2001-12-13,Calgary,AB,CAN,CAN,71.0,189.0,2021.0,SEA,2.0,3.0
Sam Bennett,24-25,FLA,C,Sam Bennett24-25FLA,28.0,1996-06-20,Holland Landing,ON,CAN,CAN,73.0,195.0,2014.0,CGY,1.0,4.0
Sam Carrick,24-25,NYR,C,Sam Carrick24-25NYR,32.0,1992-02-04,Markham,ON,CAN,CAN,72.0,200.0,2010.0,TOR,5.0,24.0
Sam Colangelo,24-25,ANA,R,Sam Colangelo24-25ANA,22.0,2001-12-26,Stoneham,MA,USA,USA,74.0,205.0,,,,
Sam Lafferty,24-25,BUF,C,Sam Lafferty24-25BUF,29.0,1995-03-06,Hollidaysburg,PA,USA,USA,73.0,195.0,2014.0,PIT,4.0,23.0
Sam Malinski,24-25,COL,D,Sam Malinski24-25COL,26.0,1998-07-27,,,USA,,71.0,190.0,,,,
Sam Poulin,24-25,PIT,R,Sam Poulin24-25PIT,23.0,2001-02-25,Blainville,QC,CAN,CAN,73.0,208.0,2019.0,PIT,1.0,21.0
Sam Reinhart,24-25,FLA,C,Sam Reinhart24-25FLA,29.0,1995-11-06,West Vancouver,BC,CAN,CAN,74.0,193.0,2014.0,BUF,1.0,2.0
Sam Steel,24-25,DAL,C,Sam Steel24-25DAL,26.0,1998-02-03,Ardrossan,AB,CAN,CAN,71.0,184.0,2016.0,ANA,1.0,30.0
Samuel Bolduc,24-25,NYI,D,Samuel Bolduc24-25NYI,24.0,2000-12-09,Laval,QC,CAN,CAN,76.0,220.0,2019.0,NYI,2.0,26.0
Samuel Girard,24-25,COL,D,Samuel Girard24-25COL,26.0,1998-05-12,Roberval,QC,CAN,CAN,70.0,170.0,2016.0,NSH,2.0,17.0
Samuel Helenius,24-25,L.A,C,Samuel Helenius24-25L.A,,,,,,,,,,,,
Samuel Honzek,24-25,CGY,L,Samuel Honzek24-25CGY,20.0,2004-11-12,,,SVK,,76.0,186.0,2023.0,CGY,1.0,16.0
Scott Laughton,24-25,PHI,C,Scott Laughton24-25PHI,30.0,1994-05-30,Oakville,ON,CAN,CAN,73.0,190.0,2012.0,PHI,1.0,20.0
Scott Mayfield,24-25,NYI,D,Scott Mayfield24-25NYI,32.0,1992-10-14,St. Louis,MO,USA,USA,77.0,220.0,2011.0,NYI,2.0,4.0
Scott Perunovich,24-25,STL,D,Scott Perunovich24-25STL,26.0,1998-08-18,Hibbing,MN,USA,USA,70.0,175.0,2018.0,STL,2.0,14.0
Seamus Casey,24-25,N.J,D,Seamus Casey24-25N.J,20.0,2004-01-08,,,USA,,69.0,162.0,2022.0,N.J,2.0,14.0
Sean Couturier,24-25,PHI,C,Sean Couturier24-25PHI,32.0,1992-12-07,Phoenix,AZ,USA,CAN,75.0,211.0,2011.0,PHI,1.0,8.0
Sean Durzi,24-25,UTA,D,Sean Durzi24-25UTA,26.0,1998-10-21,Mississauga,ON,CAN,CAN,72.0,195.0,2018.0,TOR,2.0,21.0
Sean Kuraly,24-25,CBJ,C,Sean Kuraly24-25CBJ,31.0,1993-01-20,Dublin,OH,USA,USA,74.0,213.0,2011.0,S.J,5.0,12.0
Sean Monahan,24-25,CBJ,C,Sean Monahan24-25CBJ,30.0,1994-10-12,Brampton,ON,CAN,CAN,74.0,196.0,2013.0,CGY,1.0,6.0
Sean Walker,24-25,CAR,D,Sean Walker24-25CAR,30.0,1994-11-13,Keswick,ON,CAN,CAN,71.0,195.0,,,,
Sebastian Aho,24-25,CAR,C,Sebastian Aho24-25CAR,27.0,1997-07-26,Rauma,,FIN,FIN,72.0,176.0,2015.0,CAR,2.0,5.0
Seth Jarvis,24-25,CAR,C,Seth Jarvis24-25CAR,22.0,2002-02-01,Winnipeg,MB,CAN,CAN,70.0,175.0,2020.0,CAR,1.0,13.0
Seth Jones,24-25,CHI,D,Seth Jones24-25CHI,30.0,1994-10-03,Arlington,TX,USA,USA,76.0,213.0,2013.0,NSH,1.0,4.0
Shane Bowers,24-25,N.J,C,Shane Bowers24-25N.J,25.0,1999-07-30,Halifax,NS,CAN,CAN,74.0,186.0,2017.0,OTT,1.0,28.0
Shane Pinto,24-25,OTT,C,Shane Pinto24-25OTT,24.0,2000-11-12,Franklin Square,NY,USA,USA,75.0,201.0,2019.0,OTT,2.0,1.0
Shane Wright,24-25,SEA,C,Shane Wright24-25SEA,20.0,2004-01-05,Burlington,ON,CAN,CAN,72.0,192.0,2022.0,SEA,1.0,4.0
Shayne Gostisbehere,24-25,CAR,D,Shayne Gostisbehere24-25CAR,31.0,1993-04-20,Pembroke Pines,FL,USA,USA,71.0,180.0,2012.0,PHI,3.0,17.0
Shea Theodore,24-25,VGK,D,Shea Theodore24-25VGK,29.0,1995-08-03,Langley,BC,CAN,CAN,74.0,197.0,2013.0,ANA,1.0,26.0
Sidney Crosby,24-25,PIT,C,Sidney Crosby24-25PIT,37.0,1987-08-07,Cole Harbour,NS,CAN,CAN,71.0,200.0,2005.0,PIT,1.0,1.0
Simon Benoit,24-25,TOR,D,Simon Benoit24-25TOR,26.0,1998-09-19,Laval,QC,CAN,CAN,75.0,203.0,,,,
Simon Edvinsson,24-25,DET,D,Simon Edvinsson24-25DET,21.0,2003-02-05,Kungsbacka,,SWE,SWE,78.0,209.0,2021.0,DET,1.0,6.0
Simon Holmstrom,24-25,NYI,R,Simon Holmstrom24-25NYI,23.0,2001-05-24,Tranas,,SWE,SWE,74.0,205.0,2019.0,NYI,1.0,23.0
Simon Nemec,24-25,N.J,D,Simon Nemec24-25N.J,20.0,2004-02-15,Liptovsky Mikulas,,SVK,SVK,73.0,190.0,2022.0,N.J,1.0,2.0
Sonny Milano,24-25,WSH,L,Sonny Milano24-25WSH,28.0,1996-05-12,Massapequa,NY,USA,USA,72.0,194.0,2014.0,CBJ,1.0,16.0
Stefan Noesen,24-25,N.J,R,Stefan Noesen24-25N.J,31.0,1993-02-12,Plano,TX,USA,USA,73.0,205.0,2011.0,OTT,1.0,21.0
Steven Lorentz,24-25,TOR,C,Steven Lorentz24-25TOR,28.0,1996-04-13,Kitchener,ON,CAN,CAN,76.0,206.0,2015.0,CAR,7.0,5.0
Steven Stamkos,24-25,NSH,C,Steven Stamkos24-25NSH,34.0,1990-02-07,Markham,ON,CAN,CAN,72.0,182.0,2008.0,T.B,1.0,1.0
T.J. Tynan,24-25,COL,C,T.J. Tynan24-25COL,32.0,1992-02-25,Orland Park,IL,USA,USA,68.0,165.0,2011.0,CBJ,3.0,5.0
TJ Brodie,24-25,CHI,D,TJ Brodie24-25CHI,34.0,1990-06-07,Chatham,ON,CAN,CAN,74.0,187.0,2008.0,CGY,4.0,23.0
Tage Thompson,24-25,BUF,C,Tage Thompson24-25BUF,27.0,1997-10-30,Phoenix,AZ,USA,USA,78.0,220.0,2016.0,STL,1.0,26.0
Tanner Jeannot,24-25,L.A,L,Tanner Jeannot24-25L.A,27.0,1997-05-29,Estevan,SK,CAN,CAN,74.0,208.0,,,,
Tanner Pearson,24-25,VGK,L,Tanner Pearson24-25VGK,32.0,1992-08-10,Kitchener,ON,CAN,CAN,73.0,201.0,2012.0,L.A,1.0,30.0
Taylor Hall,24-25,CHI,L,Taylor Hall24-25CHI,33.0,1991-11-14,Calgary,AB,CAN,CAN,73.0,210.0,2010.0,EDM,1.0,1.0
Taylor Raddysh,24-25,WSH,R,Taylor Raddysh24-25WSH,26.0,1998-02-18,Caledon,ON,CAN,CAN,75.0,198.0,2016.0,T.B,2.0,28.0
Teddy Blueger,24-25,VAN,C,Teddy Blueger24-25VAN,30.0,1994-08-15,Riga,,LVA,LVA,72.0,185.0,2012.0,PIT,2.0,22.0
Teuvo Teravainen,24-25,CHI,C,Teuvo Teravainen24-25CHI,30.0,1994-09-11,Helsinki,,FIN,FIN,71.0,191.0,2012.0,CHI,1.0,18.0
Thomas Chabot,24-25,OTT,D,Thomas Chabot24-25OTT,27.0,1997-01-30,Sainte-Marie,QC,CAN,CAN,74.0,195.0,2015.0,OTT,1.0,18.0
Thomas Harley,24-25,DAL,D,Thomas Harley24-25DAL,23.0,2001-08-19,Syracuse,NY,USA,USA,75.0,205.0,2019.0,DAL,1.0,18.0
Tim Stützle,24-25,OTT,C,Tim Stützle24-25OTT,22.0,2002-01-15,Viersen,,DEU,DEU,72.0,193.0,2020.0,OTT,1.0,3.0
Timo Meier,24-25,N.J,R,Timo Meier24-25N.J,28.0,1996-10-08,Herisau,,CHE,CHE,73.0,220.0,2015.0,S.J,1.0,9.0
Timothy Liljegren,24-25,"S.J, TOR",D,"Timothy Liljegren24-25S.J, TOR",25.0,1999-04-30,Kristianstad,,SWE,SWE,73.0,192.0,2017.0,TOR,1.0,17.0
Tom Wilson,24-25,WSH,R,Tom Wilson24-25WSH,30.0,1994-03-29,Toronto,ON,CAN,CAN,76.0,220.0,2012.0,WSH,1.0,16.0
Tomas Hertl,24-25,VGK,C,Tomas Hertl24-25VGK,31.0,1993-11-12,Praha,,CZE,CZE,75.0,215.0,2012.0,S.J,1.0,17.0
Tomas Nosek,24-25,FLA,L,Tomas Nosek24-25FLA,32.0,1992-09-01,Pardubice,,CZE,CZE,75.0,205.0,,,,
Tomas Tatar,24-25,N.J,L,Tomas Tatar24-25N.J,34.0,1990-12-01,Ilava,,SVK,SVK,70.0,173.0,2009.0,DET,2.0,30.0
Tommy Novak,24-25,NSH,C,Tommy Novak24-25NSH,27.0,1997-04-28,St. Paul,MN,USA,USA,73.0,179.0,2015.0,NSH,3.0,24.0
Travis Boyd,24-25,MIN,C,Travis Boyd24-25MIN,31.0,1993-09-14,Hopkins,MN,USA,USA,72.0,190.0,2011.0,WSH,6.0,26.0
Travis Dermott,24-25,EDM,D,Travis Dermott24-25EDM,27.0,1996-12-22,Newmarket,ON,CAN,CAN,72.0,202.0,2015.0,TOR,2.0,4.0
Travis Hamonic,24-25,OTT,D,Travis Hamonic24-25OTT,34.0,1990-08-16,St. Malo,MB,CAN,CAN,73.0,200.0,2008.0,NYI,2.0,23.0
Travis Konecny,24-25,PHI,R,Travis Konecny24-25PHI,27.0,1997-03-11,London,ON,CAN,CAN,70.0,175.0,2015.0,PHI,1.0,24.0
Travis Sanheim,24-25,PHI,D,Travis Sanheim24-25PHI,28.0,1996-03-29,Elkhorn,MB,CAN,CAN,75.0,181.0,2014.0,PHI,1.0,17.0
Trent Frederic,24-25,BOS,C,Trent Frederic24-25BOS,26.0,1998-02-11,St. Louis,MO,USA,USA,75.0,214.0,2016.0,BOS,1.0,29.0
Trevor Lewis,24-25,L.A,C,Trevor Lewis24-25L.A,37.0,1987-01-08,Salt Lake City,UT,USA,USA,73.0,201.0,2006.0,L.A,1.0,17.0
Trevor Moore,24-25,L.A,L,Trevor Moore24-25L.A,29.0,1995-03-31,Thousand Oaks,CA,USA,USA,70.0,195.0,,,,
Trevor Zegras,24-25,ANA,C,Trevor Zegras24-25ANA,23.0,2001-03-20,Bedford,NY,USA,USA,72.0,185.0,2019.0,ANA,1.0,9.0
Trevor van Riemsdyk,24-25,WSH,D,Trevor van Riemsdyk24-25WSH,33.0,1991-07-24,Middletown,NJ,USA,USA,75.0,191.0,,,,
Tristan Luneau,24-25,ANA,D,Tristan Luneau24-25ANA,20.0,2004-01-12,,,CAN,,73.0,195.0,2022.0,ANA,2.0,21.0
Troy Stecher,24-25,EDM,D,Troy Stecher24-25EDM,30.0,1994-04-07,Richmond,BC,CAN,CAN,70.0,184.0,,,,
Troy Terry,24-25,ANA,R,Troy Terry24-25ANA,27.0,1997-09-10,Denver,CO,USA,USA,72.0,185.0,2015.0,ANA,5.0,27.0
Ty Dellandrea,24-25,S.J,C,Ty Dellandrea24-25S.J,24.0,2000-07-21,Toronto,ON,CAN,CAN,73.0,195.0,2018.0,DAL,1.0,13.0
Ty Emberson,24-25,EDM,D,Ty Emberson24-25EDM,24.0,2000-05-23,Eau Claire,WI,USA,USA,73.0,195.0,2018.0,ARI,3.0,11.0
Tye Kartye,24-25,SEA,L,Tye Kartye24-25SEA,23.0,2001-04-30,Kingston,ON,CAN,CAN,71.0,202.0,,,,
Tyler Bertuzzi,24-25,CHI,L,Tyler Bertuzzi24-25CHI,29.0,1995-02-24,Sudbury,ON,CAN,CAN,73.0,186.0,2013.0,DET,2.0,28.0
Tyler Johnson,24-25,BOS,C,Tyler Johnson24-25BOS,34.0,1990-07-29,Spokane,WA,USA,USA,68.0,185.0,,,,
Tyler Kleven,24-25,OTT,D,Tyler Kleven24-25OTT,22.0,2002-01-10,Fargo,ND,USA,USA,76.0,200.0,2020.0,OTT,2.0,13.0
Tyler Motte,24-25,DET,C,Tyler Motte24-25DET,29.0,1995-03-10,St. Clair,MI,USA,USA,70.0,192.0,2013.0,CHI,4.0,30.0
Tyler Myers,24-25,VAN,D,Tyler Myers24-25VAN,34.0,1990-02-01,Houston,TX,USA,CAN,80.0,229.0,2008.0,BUF,1.0,12.0
Tyler Seguin,24-25,DAL,C,Tyler Seguin24-25DAL,32.0,1992-01-31,Brampton,ON,CAN,CAN,73.0,205.0,2010.0,BOS,1.0,2.0
Tyler Toffoli,24-25,S.J,C,Tyler Toffoli24-25S.J,32.0,1992-04-24,Scarborough,ON,CAN,CAN,72.0,203.0,2010.0,L.A,2.0,17.0
Tyson Barrie,24-25,CGY,D,Tyson Barrie24-25CGY,33.0,1991-07-26,Victoria,BC,CAN,CAN,71.0,197.0,2009.0,COL,3.0,3.0
Tyson Foerster,24-25,PHI,R,Tyson Foerster24-25PHI,22.0,2002-01-18,Alliston,ON,CAN,CAN,74.0,194.0,2020.0,PHI,1.0,23.0
Tyson Jost,24-25,CAR,C,Tyson Jost24-25CAR,26.0,1998-03-14,St. Albert,AB,CAN,CAN,71.0,187.0,2016.0,COL,1.0,10.0
Tyson Kozak,24-25,BUF,C,Tyson Kozak24-25BUF,21.0,2002-12-29,Souris,MB,CAN,CAN,71.0,173.0,2021.0,BUF,7.0,1.0
Urho Vaakanainen,24-25,ANA,D,Urho Vaakanainen24-25ANA,25.0,1999-01-01,Joensuu,,FIN,FIN,74.0,200.0,2017.0,BOS,1.0,18.0
Uvis Balinskis,24-25,FLA,D,Uvis Balinskis24-25FLA,28.0,1996-08-01,Ventspils,,Lat,,72.0,196.0,,,,
Valeri Nichushkin,24-25,COL,R,Valeri Nichushkin24-25COL,29.0,1995-03-04,Chelyabinsk,,RUS,RUS,76.0,210.0,2013.0,DAL,1.0,10.0
Valtteri Puustinen,24-25,PIT,R,Valtteri Puustinen24-25PIT,25.0,1999-06-04,Kuopio,,FIN,FIN,69.0,183.0,2019.0,PIT,7.0,17.0
Vasily Podkolzin,24-25,EDM,R,Vasily Podkolzin24-25EDM,23.0,2001-06-24,Moscow,,RUS,RUS,73.0,190.0,2019.0,VAN,1.0,10.0
Vasily Ponomarev,24-25,PIT,C,Vasily Ponomarev24-25PIT,22.0,2002-03-13,Moscow,,RUS,RUS,70.0,180.0,2020.0,CAR,2.0,22.0
Victor Hedman,24-25,T.B,D,Victor Hedman24-25T.B,33.0,1990-12-18,Ornskoldsvik,,SWE,SWE,79.0,244.0,2009.0,T.B,1.0,2.0
Victor Mancini,24-25,NYR,D,Victor Mancini24-25NYR,22.0,2002-05-26,,,USA,,75.0,215.0,2022.0,NYR,5.0,30.0
Victor Olofsson,24-25,VGK,L,Victor Olofsson24-25VGK,29.0,1995-07-18,Ornskoldsvik,,SWE,SWE,71.0,181.0,2014.0,BUF,7.0,1.0
Viktor Arvidsson,24-25,EDM,L,Viktor Arvidsson24-25EDM,31.0,1993-04-08,Skellefteå,,SWE,SWE,70.0,185.0,2014.0,NSH,4.0,22.0
Ville Heinola,24-25,WPG,D,Ville Heinola24-25WPG,23.0,2001-02-03,Honkajoki,,FIN,FIN,71.0,181.0,2019.0,WPG,1.0,20.0
Vince Dunn,24-25,SEA,D,Vince Dunn24-25SEA,28.0,1996-10-29,Mississauga,ON,CAN,CAN,72.0,200.0,2015.0,STL,2.0,26.0
Vincent Desharnais,24-25,VAN,D,Vincent Desharnais24-25VAN,28.0,1996-05-29,Laval,QC,CAN,CAN,78.0,215.0,2016.0,EDM,7.0,2.0
Vincent Trocheck,24-25,NYR,C,Vincent Trocheck24-25NYR,31.0,1993-07-11,Pittsburgh,PA,USA,USA,71.0,184.0,2011.0,FLA,3.0,3.0
Vladimir Tarasenko,24-25,DET,R,Vladimir Tarasenko24-25DET,32.0,1991-12-13,Yaroslavl,,RUS,RUS,73.0,228.0,2010.0,STL,1.0,16.0
Vladislav Gavrikov,24-25,L.A,D,Vladislav Gavrikov24-25L.A,29.0,1995-11-21,Yaroslavl,,RUS,RUS,75.0,221.0,2015.0,CBJ,6.0,8.0
Vladislav Kolyachonok,24-25,UTA,D,Vladislav Kolyachonok24-25UTA,23.0,2001-05-26,Minsk,,BLR,BLR,73.0,193.0,2019.0,FLA,2.0,21.0
Vladislav Namestnikov,24-25,WPG,C,Vladislav Namestnikov24-25WPG,32.0,1992-11-22,Zhukovskiy,,RUS,RUS,72.0,179.0,2011.0,T.B,1.0,27.0
Walker Duehr,24-25,CGY,R,Walker Duehr24-25CGY,27.0,1997-11-23,Sioux Falls,SD,USA,USA,74.0,210.0,,,,
Warren Foegele,24-25,L.A,L,Warren Foegele24-25L.A,28.0,1996-04-01,Markham,ON,CAN,CAN,74.0,198.0,2014.0,CAR,3.0,7.0
Will Borgen,24-25,SEA,D,Will Borgen24-25SEA,27.0,1996-12-19,Moorhead,MN,USA,USA,75.0,204.0,2015.0,BUF,4.0,1.0
Will Cuylle,24-25,NYR,L,Will Cuylle24-25NYR,22.0,2002-02-05,Toronto,ON,CAN,CAN,75.0,211.0,2020.0,NYR,2.0,29.0
Will Smith,24-25,S.J,C,Will Smith24-25S.J,19.0,2005-03-17,,,USA,,72.0,181.0,2023.0,S.J,1.0,4.0
William Carrier,24-25,CAR,L,William Carrier24-25CAR,29.0,1994-12-20,LaSalle,QC,CAN,CAN,74.0,218.0,2013.0,STL,2.0,27.0
William Eklund,24-25,S.J,L,William Eklund24-25S.J,22.0,2002-10-12,Stockholm,,SWE,SWE,71.0,181.0,2021.0,S.J,1.0,7.0
William Karlsson,24-25,VGK,C,William Karlsson24-25VGK,31.0,1993-01-08,Marsta,,SWE,SWE,72.0,190.0,2011.0,ANA,2.0,23.0
William Nylander,24-25,TOR,R,William Nylander24-25TOR,28.0,1996-05-01,Calgary,AB,CAN,SWE,72.0,204.0,2014.0,TOR,1.0,8.0
Wyatt Johnston,24-25,DAL,C,Wyatt Johnston24-25DAL,21.0,2003-05-14,Toronto,ON,CAN,CAN,73.0,185.0,2021.0,DAL,1.0,23.0
Wyatt Kaiser,24-25,CHI,D,Wyatt Kaiser24-25CHI,22.0,2002-07-31,Andover,MN,USA,USA,72.0,173.0,2020.0,CHI,3.0,19.0
Yakov Trenin,24-25,MIN,C,Yakov Trenin24-25MIN,27.0,1997-01-13,Chelyabinsk,,RUS,RUS,74.0,201.0,2015.0,NSH,2.0,25.0
Yanni Gourde,24-25,SEA,C,Yanni Gourde24-25SEA,32.0,1991-12-15,Saint-Narcisse,QC,CAN,CAN,69.0,174.0,,,,
Yegor Chinakhov,24-25,CBJ,R,Yegor Chinakhov24-25CBJ,23.0,2001-02-01,Omsk,,RUS,RUS,73.0,204.0,2020.0,CBJ,1.0,21.0
Yegor Sharangovich,24-25,CGY,C,Yegor Sharangovich24-25CGY,26.0,1998-06-06,Minsk,,BLR,BLR,74.0,196.0,2018.0,N.J,5.0,17.0
Zac Jones,24-25,NYR,D,Zac Jones24-25NYR,24.0,2000-10-18,Richmond,VA,USA,USA,70.0,178.0,2019.0,NYR,3.0,6.0
Zach Aston-Reese,24-25,CBJ,C,Zach Aston-Reese24-25CBJ,30.0,1994-08-10,Staten Island,NY,USA,USA,73.0,205.0,,,,
Zach Benson,24-25,BUF,L,Zach Benson24-25BUF,19.0,2005-05-12,,,CAN,,69.0,163.0,2023.0,BUF,1.0,13.0
Zach Bogosian,24-25,MIN,D,Zach Bogosian24-25MIN,34.0,1990-07-15,Massena,NY,USA,USA,74.0,222.0,2008.0,ATL,1.0,3.0
Zach Hyman,24-25,EDM,L,Zach Hyman24-25EDM,32.0,1992-06-09,Toronto,ON,CAN,CAN,73.0,211.0,2010.0,FLA,5.0,3.0
Zach Werenski,24-25,CBJ,D,Zach Werenski24-25CBJ,27.0,1997-07-19,Grosse Pointe,MI,USA,USA,74.0,213.0,2015.0,CBJ,1.0,8.0
Zach Whitecloud,24-25,VGK,D,Zach Whitecloud24-25VGK,28.0,1996-11-28,Brandon,MB,CAN,CAN,74.0,207.0,,,,
Zachary L'Heureux,24-25,NSH,L,Zachary L'Heureux24-25NSH,21.0,2003-05-15,,,CAN,,71.0,197.0,2021.0,NSH,1.0,27.0
Zack Bolduc,24-25,STL,C,Zack Bolduc24-25STL,21.0,2003-02-24,Trois-Rivières,QC,CAN,CAN,72.0,187.0,2021.0,STL,1.0,17.0
Zack MacEwen,24-25,OTT,R,Zack MacEwen24-25OTT,28.0,1996-07-08,Charlottetown,PE,CAN,CAN,75.0,205.0,,,,
Zack Ostapchuk,24-25,OTT,C,Zack Ostapchuk24-25OTT,21.0,2003-05-29,St. Albert,AB,CAN,CAN,75.0,205.0,2021.0,OTT,2.0,7.0
Zemgus Girgensons,24-25,T.B,C,Zemgus Girgensons24-25T.B,30.0,1994-01-05,Riga,,LVA,LVA,74.0,200.0,2012.0,BUF,1.0,14.0
